Time,FPS,RTT,LoadRatio,Jitter,LossRate
0.02,59.00,33.32,1.00,6.59,0.0502
0.04,58.10,43.96,1.00,6.51,0.0516
0.37,52.59,51.52,1.00,1.79,0.0503
0.49,48.20,57.98,1.00,3.80,0.0512
0.60,44.29,63.69,1.00,6.54,0.0500
0.71,40.74,68.72,1.00,8.86,0.0511
0.82,37.54,71.88,1.00,4.50,0.0509
0.94,34.66,75.38,1.00,9.40,0.0504
1.05,32.12,77.39,1.00,5.41,0.0502
1.16,29.79,79.32,1.00,7.07,0.0519
1.27,27.72,80.45,1.00,4.94,0.0516
1.38,25.88,91.61,1.00,56.24,0.0514
1.49,24.20,89.72,1.00,2.19,0.0509
1.60,22.67,88.47,1.00,3.46,0.0507
1.71,21.33,86.87,1.00,0.45,0.0512
1.82,20.08,86.07,1.00,2.88,0.0509
1.93,18.96,84.88,1.00,0.14,0.0516
2.04,17.99,84.71,1.00,4.03,0.0517
2.15,17.12,83.87,1.00,0.52,0.0510
2.26,16.29,83.99,1.00,4.48,0.0508
2.38,15.55,84.93,1.00,8.69,0.0513
2.48,14.92,84.02,1.00,0.37,0.0506
2.59,14.36,83.93,1.00,3.55,0.0506
2.70,13.81,83.68,1.00,2.70,0.0503
2.81,13.33,98.43,1.00,77.44,0.0515
2.92,12.92,95.47,1.00,3.61,0.0509
3.03,12.55,92.87,1.00,2.48,0.0504
3.14,12.19,91.61,1.00,6.58,0.0514
3.25,11.89,90.92,1.00,8.17,0.0500
3.36,11.60,89.53,1.00,3.96,0.0512
3.47,11.36,89.43,1.00,9.03,0.0500
3.58,11.15,75.70,1.00,0.76,0.0009
3.62,12.48,78.98,1.00,72.10,0.0010
3.66,13.71,67.19,1.00,0.04,0.0007
3.70,14.94,59.40,1.00,8.24,0.0020
3.74,15.99,52.17,1.00,3.25,0.0018
3.78,16.81,47.08,1.00,6.73,0.0008
3.82,17.52,42.38,1.00,3.56,0.0017
3.86,18.22,39.68,1.00,8.91,0.0013
3.90,19.02,37.55,1.00,9.03,0.0013
3.94,19.77,34.47,1.00,2.16,0.0010
3.98,20.39,33.48,1.00,9.51,0.0019
4.02,20.90,42.37,1.00,57.91,0.0002
4.06,21.43,39.65,1.00,8.81,0.0017
4.10,21.71,36.03,1.00,1.55,0.0011
4.14,22.12,34.79,1.00,9.79,0.0009
4.18,22.26,32.05,1.00,1.12,0.0001
4.22,22.43,29.88,1.00,1.17,0.0007
4.26,22.86,29.22,1.00,6.57,0.0007
4.30,23.14,27.72,1.00,1.72,0.0012
4.33,23.38,28.06,1.00,9.44,0.0014
4.38,23.51,26.60,1.00,0.77,0.0019
4.42,23.42,25.48,1.00,1.00,0.0011
4.46,23.32,25.40,1.00,5.06,0.0018
4.51,23.22,26.27,1.00,9.75,0.0014
4.55,23.49,25.81,1.00,3.99,0.0001
4.59,23.59,25.09,1.00,2.20,0.0005
4.63,23.50,25.92,1.00,9.26,0.0000
4.67,23.64,26.30,1.00,7.82,0.0020
4.71,23.82,26.58,1.00,7.69,0.0016
4.75,23.95,27.26,1.00,9.96,0.0001
4.80,23.85,27.39,1.00,7.92,0.0011
4.83,24.02,26.59,1.00,3.39,0.0016
4.88,23.93,26.53,1.00,6.29,0.0009
4.92,23.80,26.34,1.00,5.56,0.0019
4.96,23.92,26.11,1.00,5.21,0.0000
5.00,24.04,25.12,1.00,1.16,0.0007
5.04,24.30,25.62,1.00,7.59,0.0002
5.08,24.35,25.80,1.00,6.53,0.0001
5.12,24.25,26.39,1.00,8.78,0.0013
5.17,24.14,26.56,1.00,7.23,0.0002
5.21,24.14,39.67,1.00,72.11,0.0015
5.24,24.42,36.03,1.00,1.45,0.0006
5.28,24.64,34.28,1.00,7.28,0.0004
5.33,24.14,32.24,1.00,4.11,0.0008
5.38,24.05,31.18,1.00,6.91,0.0005
5.44,23.11,30.02,1.00,5.40,0.0018
5.49,23.20,28.23,1.00,1.05,0.0014
5.52,23.43,27.20,1.00,3.07,0.0010
5.56,24.05,27.57,1.00,9.07,0.0007
5.59,24.62,27.24,1.00,5.91,0.0016
5.63,24.84,25.99,1.00,0.98,0.0019
5.67,24.86,26.45,1.00,8.29,0.0010
5.71,24.89,26.07,1.00,4.57,0.0013
5.75,25.04,26.23,1.00,6.89,0.0000
5.78,25.20,25.03,1.00,0.19,0.0007
5.82,25.19,24.42,1.00,2.00,0.0017
5.86,25.27,41.68,1.00,90.72,0.0010
5.90,25.56,38.40,1.00,5.30,0.0004
5.94,25.57,36.39,1.00,8.33,0.0012
5.97,25.89,33.56,1.00,2.22,0.0007
6.01,25.76,44.63,1.00,68.93,0.0020
6.06,25.52,40.30,1.00,2.99,0.0013
6.10,25.48,36.60,1.00,1.78,0.0002
6.14,25.24,34.36,1.00,5.44,0.0017
6.18,25.20,32.15,1.00,3.31,0.0020
6.22,25.17,29.88,1.00,0.76,0.0000
6.26,25.24,28.64,1.00,3.69,0.0005
6.30,25.30,28.82,1.00,9.55,0.0005
6.34,25.28,28.75,1.00,8.46,0.0006
6.38,25.32,28.08,1.00,5.41,0.0016
6.43,24.58,45.09,0.58,8.91,0.0001
6.46,25.60,58.61,0.58,7.71,0.0013
6.48,27.06,68.81,0.57,3.80,0.0006
6.51,27.89,76.63,0.57,1.32,0.0016
6.54,29.27,83.62,0.57,4.96,0.0019
6.56,31.02,88.29,0.57,0.36,0.0002
6.58,32.59,93.34,0.57,6.98,0.0002
6.60,33.39,96.14,0.57,0.73,0.0019
6.63,34.31,99.19,0.57,4.76,0.0010
6.65,35.50,101.67,0.57,5.03,0.0022
6.67,36.63,103.40,0.57,3.72,0.0027
6.69,37.42,122.30,0.57,91.26,0.0124
6.72,36.84,120.06,0.57,4.50,0.0104
6.75,37.31,123.13,0.44,3.40,0.0126
6.77,38.06,125.20,0.44,1.52,0.0135
6.79,40.02,128.10,0.44,7.69,0.0159
6.81,41.32,130.82,0.44,9.70,0.0165
6.83,42.82,148.38,0.44,86.61,0.0251
6.84,43.70,145.91,0.44,4.06,0.0239
6.86,44.89,145.12,0.44,9.94,0.0229
6.88,45.68,144.32,0.44,9.10,0.0225
6.90,46.36,143.66,0.44,9.04,0.0227
6.92,47.21,142.23,0.44,4.51,0.0230
6.94,47.85,140.55,0.44,1.80,0.0211
6.95,48.80,139.29,0.44,2.29,0.0214
6.97,49.13,139.64,0.44,9.01,0.0204
6.99,50.18,138.32,0.44,1.04,0.0205
7.01,50.71,137.61,0.44,2.75,0.0204
7.03,51.56,137.64,0.44,5.80,0.0199
7.04,52.01,136.80,0.44,1.42,0.0193
7.06,51.97,137.11,0.44,6.33,0.0199
7.08,51.87,137.63,0.44,7.74,0.0193
7.10,52.27,137.96,0.44,7.25,0.0190
7.12,52.62,137.71,0.44,4.75,0.0200
7.14,53.30,151.57,0.44,75.00,0.0260
7.15,53.56,148.51,0.44,4.27,0.0248
7.17,54.17,146.84,0.44,8.17,0.0252
7.19,54.27,144.25,0.44,1.86,0.0240
7.21,54.34,142.88,0.44,5.42,0.0223
7.22,54.54,142.04,0.44,6.66,0.0227
7.24,55.05,158.08,0.44,90.25,0.0294
7.26,55.11,153.71,0.44,4.22,0.0277
7.28,55.19,149.86,0.44,2.46,0.0268
7.29,55.60,147.61,0.44,6.62,0.0258
7.31,55.94,144.86,0.44,1.86,0.0238
7.33,55.67,143.00,0.44,3.57,0.0218
7.35,55.69,141.46,0.44,3.30,0.0217
7.36,55.77,140.37,0.44,4.02,0.0218
7.38,55.37,139.44,0.44,3.72,0.0212
7.40,54.90,139.01,0.44,5.29,0.0195
7.42,54.65,138.16,0.44,2.74,0.0208
7.44,55.13,137.96,0.44,5.17,0.0201
7.46,55.51,136.82,0.44,0.26,0.0185
7.47,55.59,137.71,0.44,9.30,0.0189
7.49,55.98,137.87,0.44,6.50,0.0192
7.51,56.03,137.85,0.44,5.74,0.0190
7.53,56.36,137.16,0.44,2.40,0.0193
7.54,56.28,136.80,0.44,3.35,0.0190
7.56,56.59,136.27,0.44,2.16,0.0198
7.58,56.88,135.73,0.44,1.57,0.0188
7.59,57.02,135.48,0.44,2.46,0.0187
7.61,56.59,135.65,0.44,4.34,0.0185
7.63,56.51,135.40,0.44,2.38,0.0184
7.65,56.17,135.73,0.44,5.09,0.0190
7.67,55.88,135.14,0.44,0.75,0.0191
7.69,55.93,136.15,0.44,8.18,0.0187
7.70,55.91,135.60,0.44,1.43,0.0195
7.72,55.63,136.15,0.44,6.32,0.0195
7.74,55.40,136.85,0.44,7.65,0.0192
7.76,55.47,151.08,0.44,76.03,0.0264
7.78,55.50,147.70,0.44,2.16,0.0247
7.80,55.52,145.96,0.44,7.00,0.0237
7.81,55.29,143.98,0.44,4.08,0.0232
7.83,55.31,142.56,0.44,4.88,0.0225
7.85,55.34,142.25,0.44,9.00,0.0220
7.87,55.14,159.10,0.44,94.49,0.0308
7.89,55.06,154.87,0.44,5.95,0.0277
7.91,54.81,151.33,0.44,5.19,0.0261
7.93,54.45,148.04,0.44,2.85,0.0259
7.95,53.99,158.89,0.44,70.33,0.0308
7.97,53.87,171.44,0.44,89.62,0.0358
7.98,54.03,165.07,0.44,7.58,0.0328
8.00,54.21,158.88,0.44,2.14,0.0299
8.02,54.42,155.17,0.44,8.32,0.0285
8.04,54.55,152.13,0.44,7.98,0.0266
8.05,55.01,149.90,0.44,8.95,0.0260
8.07,54.81,147.95,0.44,8.15,0.0249
8.09,54.91,144.78,0.44,0.13,0.0239
8.11,54.99,142.67,0.44,2.24,0.0221
8.13,55.44,141.64,0.44,5.50,0.0210
8.14,55.28,140.40,0.44,3.46,0.0215
8.16,55.03,139.81,0.44,5.46,0.0210
8.18,54.82,138.77,0.44,2.58,0.0199
8.20,55.27,138.23,0.44,4.06,0.0199
8.22,54.81,138.41,0.45,8.76,0.0192
8.24,53.84,155.27,0.46,93.69,0.0282
8.26,52.63,150.14,0.46,1.41,0.0264
8.29,51.53,146.54,0.47,6.16,0.0250
8.31,50.82,142.41,0.48,1.47,0.0225
8.34,49.95,138.69,0.49,0.83,0.0200
8.36,49.23,146.93,0.49,57.71,0.0242
8.38,49.09,142.21,0.49,1.93,0.0216
8.41,48.03,138.55,0.50,3.08,0.0199
8.43,47.86,135.18,0.50,0.91,0.0184
8.45,48.04,149.07,0.50,83.86,0.0258
8.47,48.49,145.24,0.50,9.11,0.0241
8.48,49.16,140.62,0.50,1.34,0.0212
8.50,49.26,136.93,0.50,1.38,0.0199
8.53,48.90,135.53,0.50,9.12,0.0191
8.55,48.37,134.41,0.50,9.11,0.0186
8.57,47.80,132.47,0.50,3.93,0.0170
8.59,47.73,131.75,0.50,8.06,0.0168
8.61,48.05,130.51,0.50,4.73,0.0166
8.63,48.86,129.62,0.50,5.29,0.0164
8.65,49.23,129.42,0.50,7.79,0.0166
8.67,49.01,128.64,0.50,4.74,0.0155
8.69,49.68,128.68,0.50,8.03,0.0160
8.71,49.98,129.05,0.50,9.71,0.0150
8.73,50.26,128.26,0.50,4.34,0.0155
8.75,50.51,127.16,0.50,1.96,0.0148
8.77,50.69,126.29,0.50,2.00,0.0151
8.78,50.86,126.73,0.50,7.67,0.0150
8.80,51.09,125.96,0.50,2.10,0.0146
8.82,51.53,125.19,0.50,1.32,0.0140
8.84,51.58,124.82,0.50,2.51,0.0126
8.86,51.73,124.84,0.50,4.12,0.0139
8.88,52.13,124.37,0.50,1.72,0.0126
8.90,51.59,125.07,0.50,7.05,0.0135
8.92,51.19,124.56,0.50,1.73,0.0141
8.94,51.01,136.30,0.50,62.45,0.0186
8.96,51.49,133.87,0.50,3.35,0.0170
8.98,51.96,132.42,0.50,5.83,0.0179
9.00,51.78,131.44,0.50,6.71,0.0172
9.01,51.90,142.10,0.50,63.95,0.0229
9.03,51.72,139.03,0.50,5.93,0.0215
9.05,51.84,136.98,0.50,7.98,0.0201
9.07,51.45,134.29,0.50,2.75,0.0175
9.09,51.92,141.66,0.50,50.32,0.0222
9.11,52.29,138.40,0.50,4.55,0.0193
9.13,52.35,135.91,0.50,5.17,0.0190
9.15,52.42,133.38,0.50,2.45,0.0178
9.17,52.40,132.76,0.50,9.46,0.0168
9.19,52.44,130.51,0.50,0.75,0.0154
9.21,52.14,128.92,0.50,1.73,0.0157
9.23,51.95,127.29,0.50,0.00,0.0145
9.25,51.79,127.90,0.50,9.50,0.0156
9.26,51.94,127.99,0.50,7.56,0.0143
9.28,51.77,127.66,0.50,5.54,0.0152
9.31,51.32,127.65,0.50,6.81,0.0147
9.32,51.50,128.15,0.50,9.33,0.0160
9.34,51.66,128.64,0.50,9.81,0.0152
9.36,51.52,128.19,0.50,5.58,0.0155
9.38,51.37,128.09,0.50,6.90,0.0150
9.40,51.01,127.58,0.50,4.73,0.0157
9.42,50.91,127.94,0.50,8.57,0.0147
9.45,50.51,127.14,0.50,3.15,0.0153
9.46,50.69,127.84,0.50,9.86,0.0146
9.48,50.61,127.98,0.50,7.71,0.0145
9.50,50.53,127.12,0.50,2.87,0.0151
9.52,50.75,137.94,0.50,60.45,0.0196
9.54,50.64,136.23,0.50,8.58,0.0197
9.56,50.87,134.92,0.50,8.90,0.0191
9.58,50.81,133.18,0.50,5.39,0.0179
9.60,51.24,149.04,0.50,91.70,0.0250
9.62,51.29,144.22,0.50,4.11,0.0237
9.64,51.15,140.01,0.50,2.40,0.0211
9.66,50.81,136.73,0.50,2.78,0.0198
9.68,50.74,134.23,0.50,3.46,0.0190
9.70,50.45,132.88,0.50,6.66,0.0178
9.72,50.63,132.39,0.50,9.64,0.0167
9.74,49.74,131.26,0.50,5.92,0.0173
9.77,49.44,130.09,0.50,4.61,0.0154
9.79,48.94,145.18,0.50,84.76,0.0227
9.81,48.37,158.08,0.50,88.87,0.0299
9.84,47.85,151.45,0.50,4.13,0.0273
9.86,48.04,145.88,0.50,2.82,0.0235
9.87,48.33,141.14,0.50,1.35,0.0212
9.89,48.53,137.34,0.50,1.38,0.0201
9.91,48.85,148.62,0.50,72.90,0.0246
9.93,49.25,153.41,0.50,51.79,0.0272
9.96,48.80,147.00,0.50,0.55,0.0249
9.98,48.25,142.40,0.50,3.21,0.0224
10.00,48.14,139.04,0.50,4.81,0.0212
10.02,48.10,135.50,0.50,0.51,0.0195
10.04,47.88,133.15,0.50,2.97,0.0174
10.06,48.12,131.75,0.50,5.36,0.0163
10.08,48.44,143.49,0.50,69.63,0.0220
10.10,49.10,140.10,0.50,5.77,0.0202
10.12,49.48,136.94,0.50,3.47,0.0203
10.14,49.52,135.07,0.50,6.82,0.0176
10.16,49.84,132.72,0.50,2.49,0.0176
10.18,50.12,131.86,0.50,7.66,0.0166
10.20,49.99,143.36,0.50,68.53,0.0221
10.22,49.49,140.17,0.50,6.60,0.0201
10.24,49.32,136.34,0.50,0.25,0.0183
10.26,49.73,134.23,0.50,4.98,0.0180
10.28,49.17,133.04,0.50,7.49,0.0183
10.31,48.30,130.72,0.50,0.64,0.0161
10.33,47.79,128.75,0.50,0.08,0.0148
10.35,48.10,129.11,0.50,9.75,0.0150
10.37,48.34,127.82,0.50,1.87,0.0148
10.39,48.54,127.11,0.50,3.47,0.0136
10.41,47.96,127.53,0.50,8.41,0.0145
10.43,48.70,126.35,0.50,0.80,0.0142
10.45,49.07,126.09,0.50,4.28,0.0142
10.49,46.77,125.05,0.50,0.06,0.0128
10.51,45.87,124.35,0.50,0.79,0.0135
10.54,45.87,125.16,0.50,7.60,0.0137
10.56,45.18,125.08,0.50,3.96,0.0140
10.58,45.58,126.07,0.50,9.23,0.0139
10.60,45.98,126.57,0.50,7.79,0.0148
10.62,46.95,144.48,0.50,95.30,0.0228
10.64,47.46,140.49,0.50,3.75,0.0207
10.66,47.47,153.31,0.50,83.78,0.0273
10.68,47.42,147.34,0.50,2.68,0.0245
10.70,47.77,143.26,0.50,6.14,0.0234
10.72,48.56,140.59,0.50,9.07,0.0219
10.74,48.32,138.62,0.50,9.94,0.0212
10.76,48.37,136.97,0.50,9.56,0.0188
10.78,49.06,135.02,0.50,6.45,0.0193
10.80,49.13,147.86,0.50,78.43,0.0246
10.82,49.44,144.03,0.50,7.92,0.0221
10.84,49.24,140.97,0.50,7.93,0.0215
10.86,49.28,138.53,0.50,7.97,0.0211
10.88,49.37,136.70,0.50,8.57,0.0201
10.90,49.70,135.31,0.50,8.93,0.0191
10.92,49.72,132.61,0.50,1.02,0.0166
10.94,49.98,132.24,0.50,9.96,0.0170
10.96,50.18,130.17,0.50,1.08,0.0165
10.98,50.11,129.11,0.50,4.08,0.0157
11.00,49.85,127.95,0.50,2.52,0.0141
11.02,49.80,127.74,0.50,6.09,0.0157
11.04,50.32,127.36,0.50,5.05,0.0149
11.06,50.74,127.53,0.50,7.39,0.0151
11.07,51.18,126.77,0.50,2.93,0.0139
11.09,51.02,126.47,0.50,4.48,0.0136
11.11,50.89,125.81,0.50,2.36,0.0135
11.13,50.66,125.58,0.50,3.84,0.0138
11.15,50.69,135.68,0.50,55.29,0.0190
11.18,50.09,133.97,0.50,6.35,0.0182
11.20,49.63,148.74,0.50,87.01,0.0248
11.22,49.68,143.53,0.50,1.91,0.0224
11.24,49.78,140.92,0.50,9.64,0.0219
11.26,49.67,137.75,0.50,4.31,0.0193
11.28,49.29,135.87,0.50,7.52,0.0186
11.30,48.94,133.27,0.50,2.08,0.0166
11.32,48.87,132.20,0.50,7.14,0.0163
11.35,48.53,131.47,0.50,7.72,0.0163
11.36,49.04,143.33,0.50,69.99,0.0220
11.38,48.85,140.73,0.50,9.53,0.0219
11.40,49.20,137.20,0.50,2.28,0.0195
11.42,49.80,135.72,0.50,9.01,0.0191
11.44,49.80,133.79,0.50,5.27,0.0170
11.46,49.84,132.91,0.50,8.58,0.0169
11.48,49.40,130.96,0.50,2.34,0.0158
11.51,49.05,130.80,0.50,9.36,0.0158
11.52,49.40,139.05,0.50,51.25,0.0210
11.55,48.75,135.42,0.50,0.09,0.0181
11.57,48.41,133.50,0.50,5.05,0.0179
11.59,48.37,132.05,0.50,5.46,0.0178
11.61,48.43,131.27,0.50,7.34,0.0159
11.63,48.96,129.25,0.50,0.36,0.0151
11.65,48.91,128.04,0.50,2.41,0.0152
11.67,49.00,128.11,0.50,7.58,0.0147
11.69,48.83,127.37,0.50,3.63,0.0155
11.71,48.92,126.15,0.50,0.44,0.0141
11.73,48.76,126.88,0.50,9.01,0.0138
11.75,48.76,126.37,0.50,3.53,0.0151
11.78,48.16,126.03,0.50,3.87,0.0144
11.80,48.25,125.44,0.50,2.28,0.0140
11.82,48.31,126.20,0.50,8.43,0.0133
11.84,48.06,125.75,0.50,3.16,0.0135
11.86,47.97,138.12,0.50,66.80,0.0203
11.88,47.72,135.64,0.50,4.91,0.0188
11.90,48.17,133.72,0.50,5.25,0.0187
11.92,48.62,132.73,0.50,7.97,0.0170
11.94,48.51,130.55,0.50,1.00,0.0159
11.96,48.33,129.66,0.50,5.32,0.0165
11.98,48.52,128.04,0.50,0.76,0.0152
12.01,47.90,127.95,0.50,6.79,0.0144
12.03,48.01,128.15,0.50,8.13,0.0146
12.05,48.08,126.81,0.50,0.65,0.0138
12.07,47.75,126.25,0.50,3.20,0.0143
12.09,47.68,125.24,0.50,0.39,0.0139
12.11,47.99,124.63,0.50,1.43,0.0143
12.13,48.10,125.42,0.50,7.79,0.0128
12.15,48.05,126.01,0.50,7.56,0.0131
12.17,47.85,126.86,0.50,9.45,0.0153
12.19,48.24,126.68,0.50,5.15,0.0140
12.21,48.19,139.84,0.50,71.70,0.0213
12.23,48.40,137.26,0.50,6.16,0.0189
12.25,48.51,135.05,0.50,5.38,0.0178
12.28,48.51,132.72,0.50,2.60,0.0168
12.29,48.90,132.27,0.50,9.71,0.0164
12.32,48.82,141.55,0.50,57.87,0.0215
12.33,49.19,139.20,0.50,8.97,0.0214
12.36,48.71,136.73,0.50,6.05,0.0202
12.38,48.38,134.41,0.50,4.34,0.0181
12.40,48.35,133.61,0.50,9.62,0.0169
12.42,47.98,132.93,0.50,9.38,0.0182
12.45,47.44,145.88,0.50,76.89,0.0246
12.47,47.34,141.72,0.50,4.27,0.0228
12.49,47.36,138.89,0.50,6.80,0.0212
12.51,47.71,136.08,0.50,4.00,0.0189
12.53,47.93,133.33,0.50,1.55,0.0175
12.55,48.46,131.93,0.50,5.53,0.0165
12.57,48.92,146.08,0.50,81.89,0.0248
12.58,49.19,142.31,0.50,6.41,0.0224
12.61,49.02,138.36,0.50,1.78,0.0195
12.63,48.48,135.20,0.50,1.76,0.0183
12.65,48.21,133.91,0.50,7.92,0.0183
12.67,48.04,131.77,0.50,2.41,0.0168
12.69,47.97,130.94,0.50,6.85,0.0160
12.71,48.15,129.30,0.50,1.92,0.0152
12.73,48.93,127.70,0.50,0.51,0.0144
12.75,49.16,126.53,0.50,1.02,0.0137
12.77,49.48,126.66,0.50,6.38,0.0135
12.79,49.61,126.89,0.50,7.02,0.0136
12.81,48.98,127.52,0.50,9.25,0.0143
12.84,48.43,127.83,0.50,8.24,0.0151
12.85,49.13,127.91,0.50,7.43,0.0143
12.87,49.12,127.14,0.50,3.28,0.0146
12.89,49.14,126.47,0.50,2.96,0.0151
12.91,49.48,126.67,0.50,6.67,0.0153
12.93,49.24,126.62,0.50,5.63,0.0142
12.95,49.29,127.42,0.50,9.83,0.0154
12.97,49.62,126.28,0.50,0.89,0.0134
12.99,49.92,125.64,0.50,2.29,0.0128
13.01,50.13,126.40,0.50,8.63,0.0151
13.03,50.37,127.09,0.50,9.08,0.0148
13.05,50.24,127.47,0.50,8.20,0.0140
13.07,50.17,127.25,0.50,5.54,0.0138
13.09,49.89,126.83,0.50,4.37,0.0150
13.11,49.91,126.99,0.50,6.81,0.0143
13.13,50.16,125.78,0.50,0.16,0.0142
13.15,50.09,125.33,0.50,2.73,0.0141
13.17,50.01,139.59,0.50,75.81,0.0211
13.19,50.25,137.30,0.50,7.34,0.0196
13.21,49.99,152.65,0.50,93.24,0.0269
13.23,49.70,146.79,0.50,2.55,0.0235
13.25,49.61,142.50,0.50,4.56,0.0226
13.27,50.16,138.36,0.50,1.01,0.0207
13.29,49.88,135.67,0.50,4.10,0.0180
13.31,49.65,133.23,0.50,2.66,0.0185
13.33,49.63,131.80,0.50,5.27,0.0169
13.35,50.11,130.63,0.50,5.15,0.0166
13.37,50.29,129.63,0.50,4.84,0.0153
13.39,50.45,129.69,0.50,9.15,0.0156
13.41,50.64,129.52,0.50,8.00,0.0157
13.43,50.29,140.43,0.50,63.27,0.0217
13.45,50.23,136.97,0.50,2.32,0.0204
13.47,50.39,134.29,0.50,2.76,0.0184
13.49,50.55,133.35,0.50,8.80,0.0180
13.51,50.77,132.06,0.50,6.09,0.0165
13.53,50.45,130.58,0.50,3.88,0.0153
13.55,50.55,130.06,0.50,7.18,0.0160
13.57,50.22,129.27,0.50,5.32,0.0147
13.59,50.19,128.79,0.50,6.03,0.0153
13.61,49.86,129.06,0.50,9.35,0.0165
13.63,50.25,128.51,0.50,5.53,0.0145
13.65,50.71,127.39,0.50,2.11,0.0140
13.67,50.86,126.74,0.50,3.33,0.0145
13.69,50.93,126.07,0.50,2.61,0.0135
13.71,51.28,125.59,0.50,2.83,0.0137
13.72,51.61,126.38,0.50,8.77,0.0141
13.74,52.03,126.45,0.50,5.91,0.0150
13.76,52.33,125.81,0.50,2.45,0.0141
13.78,52.11,126.44,0.50,8.14,0.0145
13.80,51.84,126.95,0.50,8.18,0.0153
13.82,51.61,127.10,0.50,6.91,0.0154
13.84,51.68,127.53,0.50,8.45,0.0149
13.86,51.25,127.12,0.50,4.70,0.0154
13.88,51.07,126.31,0.50,2.24,0.0133
13.90,50.47,125.29,0.50,0.40,0.0143
13.92,50.36,125.93,0.50,7.73,0.0130
13.94,50.28,125.80,0.50,4.46,0.0135
13.96,50.52,125.81,0.50,5.02,0.0130
13.98,50.74,125.94,0.50,5.69,0.0130
14.00,50.64,126.36,0.50,7.23,0.0144
14.02,50.48,125.99,0.50,3.74,0.0147
14.04,50.43,126.68,0.50,8.61,0.0141
14.06,50.55,127.43,0.50,9.61,0.0143
14.08,50.45,126.14,0.50,0.20,0.0138
14.10,50.36,126.34,0.50,6.32,0.0136
14.12,50.84,126.52,0.50,6.45,0.0144
14.14,51.22,126.82,0.50,7.21,0.0143
14.16,51.11,125.95,0.50,1.66,0.0144
14.18,50.87,126.03,0.50,5.58,0.0148
14.20,51.01,126.19,0.50,6.04,0.0136
14.22,51.14,142.93,0.50,89.09,0.0222
14.24,50.98,140.05,0.50,7.71,0.0210
14.26,51.08,137.67,0.50,7.34,0.0191
14.27,51.53,135.61,0.50,6.60,0.0198
14.30,51.13,152.56,0.50,99.56,0.0280
14.32,50.50,158.57,0.50,61.82,0.0304
14.34,50.98,152.49,0.50,7.35,0.0277
14.36,50.85,146.65,0.50,2.51,0.0251
14.37,51.29,142.20,0.50,3.57,0.0225
14.39,51.11,138.59,0.50,3.37,0.0211
14.41,51.27,135.95,0.50,4.59,0.0196
14.43,51.33,134.01,0.50,5.44,0.0183
14.45,51.66,131.61,0.50,1.22,0.0176
14.47,51.23,129.65,0.50,1.01,0.0154
14.49,51.10,129.49,0.50,8.06,0.0163
14.51,50.96,129.47,0.50,8.58,0.0161
14.53,51.02,128.22,0.50,2.40,0.0142
14.55,51.06,126.96,0.50,1.13,0.0149
14.57,50.84,125.76,0.50,0.16,0.0145
14.59,50.75,126.70,0.50,9.64,0.0142
14.61,50.86,126.69,0.50,5.86,0.0137
14.63,50.53,125.79,0.50,1.38,0.0145
14.65,50.68,124.86,0.50,0.35,0.0134
14.67,50.84,124.78,0.50,3.68,0.0127
14.69,50.73,125.00,0.50,5.06,0.0129
14.71,50.63,124.56,0.50,2.01,0.0133
14.73,50.25,125.28,0.50,7.34,0.0139
14.75,50.12,125.72,0.50,6.69,0.0141
14.77,50.09,124.89,0.50,0.76,0.0131
14.79,50.08,125.63,0.50,7.82,0.0136
14.81,49.84,125.21,0.50,2.70,0.0126
14.83,49.58,125.87,0.50,7.74,0.0143
14.85,49.64,125.43,0.50,2.84,0.0147
14.87,49.75,124.75,0.50,1.26,0.0133
14.90,49.57,124.11,0.50,0.74,0.0133
14.91,50.23,123.90,0.50,2.24,0.0124
14.93,50.02,124.15,0.50,4.37,0.0140
14.95,50.08,124.38,0.50,4.47,0.0136
14.97,50.02,136.96,0.50,66.52,0.0200
14.99,49.76,135.39,0.50,8.28,0.0185
15.01,50.44,132.57,0.50,0.52,0.0170
15.03,50.38,131.31,0.50,5.46,0.0168
15.05,50.37,130.25,0.50,5.21,0.0159
15.07,50.40,130.21,0.50,9.24,0.0163
15.09,50.44,128.43,0.50,0.51,0.0161
15.11,51.01,128.66,0.50,8.79,0.0145
15.13,50.76,127.17,0.50,0.39,0.0138
15.15,51.03,127.55,0.50,8.28,0.0153
15.17,50.73,127.38,0.50,5.92,0.0142
15.19,50.66,127.37,0.50,6.50,0.0144
15.21,50.96,126.92,0.50,4.31,0.0135
15.23,51.21,127.28,0.50,7.96,0.0145
15.25,51.44,126.91,0.50,4.62,0.0152
15.27,51.01,141.97,0.50,81.38,0.0211
15.29,51.43,138.23,0.50,2.46,0.0194
15.30,51.88,136.57,0.50,9.13,0.0191
15.32,51.78,134.30,0.50,4.42,0.0187
15.34,51.93,142.22,0.50,53.10,0.0218
15.36,52.06,138.65,0.50,3.57,0.0206
15.38,51.61,136.33,0.50,6.27,0.0190
15.40,52.14,133.95,0.50,3.61,0.0184
15.42,52.03,132.77,0.50,7.28,0.0172
15.44,51.66,132.04,0.50,8.30,0.0166
15.46,52.16,130.20,0.50,2.06,0.0158
15.47,52.65,147.51,0.50,95.93,0.0252
15.49,52.76,144.01,0.50,9.23,0.0222
15.51,52.83,140.91,0.50,7.68,0.0215
15.53,52.66,138.78,0.50,9.48,0.0201
15.55,52.23,136.77,0.50,7.93,0.0190
15.57,52.10,146.05,0.50,62.37,0.0241
15.59,51.52,141.41,0.50,2.03,0.0218
15.61,51.41,138.36,0.50,5.36,0.0209
15.63,51.63,135.87,0.50,5.14,0.0184
15.65,51.25,132.98,0.50,0.59,0.0171
15.67,51.15,131.17,0.50,3.16,0.0166
15.69,51.67,129.15,0.50,0.26,0.0152
15.71,51.91,145.83,0.50,91.75,0.0241
15.73,52.41,141.08,0.50,1.29,0.0211
15.74,52.51,137.26,0.50,1.15,0.0204
15.76,52.34,144.32,0.50,51.78,0.0227
15.78,52.18,140.28,0.50,3.32,0.0214
15.81,51.76,136.83,0.50,2.24,0.0187
15.82,51.93,135.13,0.50,7.51,0.0180
15.84,52.11,134.02,0.50,8.78,0.0174
15.86,52.17,131.39,0.50,0.06,0.0163
15.88,52.63,130.31,0.50,5.22,0.0158
15.90,51.94,129.56,0.50,5.73,0.0160
15.92,51.70,128.26,0.50,2.26,0.0142
15.94,51.52,128.13,0.50,6.81,0.0156
15.96,51.41,126.91,0.50,1.24,0.0138
15.98,50.91,126.31,0.50,3.09,0.0144
16.00,50.29,142.38,0.50,85.87,0.0225
16.03,49.58,152.93,0.50,74.32,0.0268
16.05,49.95,160.58,0.50,70.39,0.0316
16.07,50.38,152.69,0.50,0.33,0.0266
16.09,50.31,147.48,0.50,5.83,0.0253
16.11,50.20,142.97,0.50,4.12,0.0225
16.13,49.81,139.85,0.50,6.60,0.0206
16.15,49.92,136.36,0.50,1.57,0.0191
16.17,50.30,135.10,0.50,9.29,0.0191
16.18,50.84,133.13,0.50,4.42,0.0178
16.20,50.55,131.82,0.50,5.77,0.0161
16.22,51.10,129.74,0.50,0.63,0.0168
16.24,51.07,128.50,0.50,2.77,0.0158
16.26,51.23,127.22,0.50,1.26,0.0146
16.28,50.53,126.55,0.50,3.10,0.0138
16.30,50.27,125.45,0.50,0.23,0.0146
16.32,50.20,141.98,0.50,87.32,0.0225
16.35,49.76,138.19,0.50,2.20,0.0198
16.37,49.67,135.42,0.50,3.58,0.0180
16.39,49.86,132.85,0.50,1.75,0.0165
16.41,49.81,131.86,0.50,7.08,0.0179
16.43,50.05,131.33,0.50,8.41,0.0164
16.45,50.04,129.48,0.50,1.29,0.0158
16.47,49.96,128.77,0.50,5.13,0.0149
16.49,49.90,140.43,0.50,66.29,0.0217
16.51,49.99,136.70,0.50,0.95,0.0196
16.52,50.48,134.20,0.50,3.39,0.0175
16.54,50.37,133.21,0.50,8.49,0.0176
16.56,50.29,131.13,0.50,1.97,0.0163
16.58,50.90,129.38,0.50,1.59,0.0157
16.60,51.08,128.78,0.50,5.59,0.0162
16.62,51.00,127.30,0.50,0.57,0.0146
16.64,50.98,127.74,0.50,8.72,0.0144
16.66,50.62,126.40,0.50,0.23,0.0144
16.68,50.64,126.24,0.50,4.80,0.0142
16.70,50.62,125.58,0.50,2.11,0.0133
16.72,51.18,125.52,0.50,4.50,0.0131
16.74,51.12,140.43,0.50,79.25,0.0213
16.76,51.24,136.63,0.50,0.66,0.0194
16.78,51.60,134.85,0.50,6.91,0.0184
16.80,51.65,133.86,0.50,9.09,0.0169
16.82,51.38,131.69,0.50,2.23,0.0166
16.84,51.12,130.22,0.50,3.56,0.0155
16.86,50.73,130.15,0.50,9.03,0.0162
16.88,50.44,130.20,0.50,9.60,0.0157
16.90,50.63,146.80,0.50,92.40,0.0241
16.92,50.51,141.95,0.50,1.74,0.0211
16.94,50.53,138.72,0.50,5.03,0.0195
16.96,50.57,136.17,0.50,5.18,0.0194
16.98,50.46,149.72,0.50,83.08,0.0267
17.00,50.38,145.65,0.50,8.59,0.0232
17.02,50.30,141.76,0.50,5.40,0.0214
17.04,50.47,139.27,0.50,8.50,0.0204
17.06,50.30,153.86,0.50,91.43,0.0276
17.08,50.41,147.75,0.50,2.53,0.0253
17.10,49.73,143.80,0.50,7.20,0.0229
17.12,49.68,140.13,0.50,4.63,0.0219
17.14,49.66,137.51,0.50,6.22,0.0201
17.16,49.61,135.44,0.50,6.39,0.0189
17.18,49.79,133.61,0.50,5.49,0.0187
17.20,49.84,147.14,0.50,80.45,0.0245
17.22,50.20,159.21,0.50,86.70,0.0311
17.24,50.24,152.10,0.50,2.86,0.0278
17.26,50.21,147.51,0.50,8.37,0.0243
17.28,50.01,142.73,0.50,2.81,0.0230
17.30,50.34,139.27,0.50,4.60,0.0204
17.32,50.65,137.02,0.50,7.23,0.0204
17.34,50.70,135.46,0.50,8.43,0.0178
17.36,50.69,134.46,0.50,9.66,0.0186
17.37,50.99,132.51,0.50,3.89,0.0178
17.39,51.26,150.05,0.50,99.41,0.0264
17.41,51.51,146.03,0.50,9.16,0.0237
17.43,51.70,141.28,0.50,1.46,0.0210
17.45,51.38,137.90,0.50,3.59,0.0204
17.47,51.10,135.47,0.50,4.97,0.0180
17.49,51.35,133.08,0.50,2.71,0.0180
17.51,50.59,131.22,0.50,2.97,0.0166
17.53,50.60,130.94,0.50,9.05,0.0157
17.55,50.31,129.15,0.50,1.20,0.0163
17.57,50.63,128.74,0.50,6.27,0.0152
17.59,50.95,128.41,0.50,6.29,0.0148
17.61,51.56,126.96,0.50,0.37,0.0136
17.63,51.48,127.68,0.50,9.75,0.0154
17.65,51.39,127.97,0.50,8.34,0.0151
17.67,51.26,127.57,0.50,5.17,0.0148
17.69,51.55,126.48,0.50,1.29,0.0149
17.71,51.46,126.38,0.50,5.19,0.0144
17.73,50.89,126.50,0.50,6.21,0.0146
17.75,50.61,125.52,0.50,0.76,0.0140
17.77,50.41,125.80,0.50,6.12,0.0137
17.79,50.66,126.35,0.50,7.75,0.0145
17.81,50.71,126.47,0.50,6.14,0.0151
17.83,50.73,126.19,0.50,4.31,0.0132
17.85,51.05,125.37,0.50,1.28,0.0133
17.86,51.64,140.54,0.50,80.41,0.0222
17.88,51.55,136.81,0.50,1.11,0.0184
17.90,51.78,133.74,0.50,0.66,0.0178
17.92,51.44,131.83,0.50,3.36,0.0161
17.94,51.69,131.06,0.50,7.21,0.0172
17.96,51.39,129.03,0.50,0.10,0.0162
17.98,51.93,127.49,0.50,0.52,0.0150
18.00,51.86,138.38,0.50,61.16,0.0195
18.02,52.33,153.52,0.50,93.25,0.0271
18.04,52.42,148.70,0.50,8.64,0.0253
18.05,52.51,144.43,0.50,6.53,0.0227
18.07,52.35,150.19,0.50,52.42,0.0259
18.09,52.50,145.29,0.50,4.89,0.0243
18.11,52.12,141.99,0.50,8.02,0.0216
18.13,51.98,139.49,0.50,8.69,0.0212
18.15,52.09,136.64,0.50,4.42,0.0192
18.17,51.99,134.82,0.50,6.74,0.0184
18.19,52.16,133.90,0.50,9.44,0.0184
18.21,52.08,133.11,0.50,9.14,0.0166
18.23,51.99,131.96,0.50,6.55,0.0172
18.25,52.43,129.73,0.50,0.02,0.0161
18.27,52.55,128.97,0.50,5.14,0.0159
18.28,52.49,128.52,0.50,5.90,0.0147
18.30,52.59,143.46,0.50,82.44,0.0222
18.32,52.69,139.69,0.50,3.80,0.0216
18.34,52.31,136.83,0.50,4.59,0.0195
18.36,51.58,151.40,0.50,88.91,0.0261
18.38,51.78,145.37,0.50,0.45,0.0247
18.40,52.29,159.29,0.50,94.15,0.0311
18.42,52.48,153.50,0.50,9.54,0.0268
18.44,52.29,148.07,0.50,5.54,0.0243
18.46,52.47,143.35,0.50,3.67,0.0220
18.48,52.07,139.07,0.50,1.15,0.0196
18.50,52.27,136.97,0.50,7.76,0.0204
18.52,52.15,152.95,0.50,96.08,0.0272
18.53,52.56,147.78,0.50,6.32,0.0247
18.55,52.41,143.62,0.50,6.18,0.0223
18.57,51.96,139.64,0.50,2.90,0.0216
18.59,51.84,137.25,0.50,6.89,0.0197
18.61,52.14,134.93,0.50,4.88,0.0190
18.63,52.03,132.82,0.50,3.57,0.0169
18.65,52.20,130.99,0.50,2.84,0.0169
18.67,52.59,129.89,0.50,4.71,0.0166
18.69,52.24,129.95,0.50,9.38,0.0154
18.71,52.56,128.17,0.50,0.26,0.0152
18.73,52.40,138.28,0.50,57.91,0.0197
18.75,52.51,134.92,0.50,0.67,0.0181
18.76,52.93,133.41,0.50,6.58,0.0174
18.78,52.39,132.45,0.50,7.80,0.0180
18.80,52.57,130.63,0.50,2.57,0.0166
18.82,53.04,130.10,0.50,7.15,0.0167
18.84,53.45,129.99,0.50,8.79,0.0155
18.86,53.48,129.09,0.50,4.68,0.0159
18.87,53.83,128.24,0.50,4.02,0.0152
18.89,53.79,128.73,0.50,9.90,0.0152
18.91,53.49,128.23,0.50,5.44,0.0145
18.93,52.79,127.16,0.50,2.05,0.0150
18.95,52.16,141.20,0.50,76.56,0.0215
18.97,52.00,137.96,0.50,4.19,0.0206
19.00,51.64,134.81,0.50,1.40,0.0180
19.02,51.24,133.70,0.50,8.50,0.0180
19.04,51.31,131.97,0.50,4.21,0.0163
19.05,51.37,130.41,0.50,3.41,0.0157
19.08,50.37,130.22,0.50,8.62,0.0152
19.10,50.00,141.65,0.50,66.57,0.0217
19.12,50.23,137.62,0.50,0.72,0.0208
19.14,50.35,135.90,0.50,8.21,0.0186
19.16,50.03,133.23,0.50,1.73,0.0176
19.18,49.97,132.28,0.50,7.70,0.0165
19.20,49.41,148.05,0.50,90.35,0.0250
19.22,49.21,143.95,0.50,6.75,0.0228
19.24,49.21,140.59,0.50,6.33,0.0213
19.26,49.37,154.09,0.50,87.30,0.0272
19.28,49.80,148.67,0.50,6.16,0.0254
19.30,50.19,162.07,0.50,94.91,0.0312
19.32,50.88,154.89,0.50,5.33,0.0275
19.34,51.51,149.50,0.50,7.18,0.0263
19.35,52.05,156.17,0.50,62.04,0.0284
19.37,52.37,149.31,0.50,1.08,0.0264
19.39,52.20,144.84,0.50,6.13,0.0228
19.41,51.56,140.39,0.50,1.79,0.0205
19.43,51.50,138.46,0.50,9.93,0.0197
19.45,51.44,136.91,0.50,9.93,0.0187
19.47,51.14,135.05,0.50,6.78,0.0190
19.49,50.87,133.95,0.50,8.76,0.0183
19.51,51.00,133.26,0.50,9.69,0.0172
19.53,50.71,131.30,0.50,2.68,0.0160
19.55,50.61,129.62,0.50,2.09,0.0168
19.57,50.65,128.00,0.50,0.72,0.0147
19.59,50.73,126.86,0.50,1.50,0.0143
19.62,50.02,125.75,0.50,0.49,0.0134
19.64,49.65,125.18,0.50,2.14,0.0139
19.66,50.02,125.96,0.50,8.25,0.0137
19.67,50.40,126.58,0.50,8.28,0.0134
19.70,50.24,126.71,0.50,6.42,0.0140
19.72,49.80,126.82,0.50,6.48,0.0143
19.74,49.73,126.07,0.50,2.23,0.0131
19.76,49.69,143.86,0.50,94.25,0.0228
19.78,49.61,140.07,0.50,4.09,0.0215
19.80,48.85,148.93,0.50,63.56,0.0255
19.82,48.56,155.43,0.50,60.67,0.0282
19.85,48.18,149.56,0.50,5.24,0.0253
19.87,48.23,144.95,0.50,5.72,0.0235
19.89,47.54,141.94,0.50,9.12,0.0214
19.91,47.67,139.03,0.50,6.57,0.0199
19.93,48.24,146.10,0.50,53.57,0.0249
19.95,48.37,141.14,0.50,0.53,0.0216
19.97,48.68,138.59,0.50,7.56,0.0196
19.99,48.52,135.55,0.50,2.61,0.0192
20.01,49.36,133.81,0.50,6.04,0.0182
20.03,49.13,150.62,0.50,97.08,0.0266
20.05,49.51,146.07,0.50,7.08,0.0242
20.07,49.71,142.58,0.50,7.82,0.0231
20.09,49.96,138.75,0.50,2.63,0.0198
20.11,50.20,136.24,0.50,5.37,0.0189
20.13,50.11,133.23,0.50,0.39,0.0167
20.15,50.53,132.11,0.50,6.86,0.0177
20.16,50.83,131.66,0.50,9.05,0.0170
20.18,50.56,130.04,0.50,2.77,0.0152
20.20,50.41,129.39,0.50,5.98,0.0158
20.23,50.06,128.19,0.50,2.60,0.0149
20.25,49.86,128.00,0.50,6.45,0.0148
20.27,50.34,126.70,0.50,0.69,0.0134
20.29,50.20,127.34,0.50,9.11,0.0149
20.31,50.35,126.84,0.50,4.03,0.0137
20.33,50.27,126.69,0.50,5.28,0.0143
20.34,50.38,126.67,0.50,5.80,0.0136
20.36,50.72,126.22,0.50,3.62,0.0143
20.39,50.17,126.11,0.50,4.89,0.0143
20.40,50.27,125.90,0.50,4.25,0.0146
20.42,50.42,125.42,0.50,2.71,0.0140
20.44,50.91,124.90,0.50,1.99,0.0142
20.46,50.93,124.39,0.50,1.55,0.0126
20.48,51.04,125.61,0.50,9.68,0.0141
20.50,50.64,125.11,0.50,2.31,0.0145
20.52,50.48,125.32,0.50,5.36,0.0138
20.54,50.33,125.87,0.50,7.29,0.0137
20.57,49.86,126.16,0.50,6.51,0.0135
20.59,49.82,126.06,0.50,4.87,0.0146
20.60,50.47,125.80,0.50,3.98,0.0141
20.62,50.60,139.46,0.50,73.26,0.0212
20.64,50.83,136.51,0.50,3.92,0.0191
20.66,50.66,134.61,0.50,6.23,0.0186
20.68,50.25,131.86,0.50,0.07,0.0177
20.70,50.56,131.46,0.50,9.03,0.0173
20.72,51.16,130.46,0.50,5.66,0.0156
20.74,51.36,128.99,0.50,2.34,0.0154
20.76,51.57,129.25,0.50,9.47,0.0148
20.78,51.49,127.75,0.50,0.94,0.0153
20.80,51.19,126.52,0.50,0.80,0.0149
20.82,51.34,125.70,0.50,1.60,0.0143
20.84,51.24,125.20,0.50,2.43,0.0140
20.86,51.05,126.00,0.50,8.41,0.0140
20.88,50.97,126.13,0.50,5.83,0.0132
20.90,50.39,126.76,0.50,8.50,0.0149
20.92,50.67,126.59,0.50,5.12,0.0140
20.94,50.71,126.27,0.50,4.15,0.0145
20.96,50.71,125.43,0.50,1.29,0.0133
20.97,51.27,124.84,0.50,1.69,0.0133
20.99,51.46,124.41,0.50,1.90,0.0131
21.01,51.67,140.18,0.50,82.43,0.0216
21.03,51.30,136.60,0.50,1.50,0.0197
21.05,51.26,133.56,0.50,0.59,0.0185
21.07,51.45,132.10,0.50,5.47,0.0179
21.09,51.13,130.05,0.50,1.05,0.0169
21.11,51.08,129.54,0.50,6.72,0.0153
21.13,51.37,128.62,0.50,4.12,0.0145
21.15,51.52,127.14,0.50,0.42,0.0136
21.17,51.23,126.26,0.50,1.95,0.0149
21.19,51.82,125.54,0.50,1.84,0.0145
21.21,51.97,124.73,0.50,0.68,0.0133
21.22,52.41,125.69,0.50,8.75,0.0146
21.24,51.97,125.92,0.50,6.05,0.0135
21.27,51.62,125.13,0.50,1.16,0.0134
21.28,52.06,125.79,0.50,7.62,0.0147
21.30,51.79,125.18,0.50,1.96,0.0126
21.32,51.60,125.63,0.50,6.60,0.0140
21.34,51.51,125.13,0.50,2.35,0.0142
21.36,51.45,125.76,0.50,7.47,0.0149
21.38,51.04,126.33,0.50,7.82,0.0141
21.40,51.02,138.87,0.50,68.23,0.0200
21.42,51.53,136.73,0.50,7.36,0.0203
21.44,51.70,133.62,0.50,0.36,0.0185
21.46,51.87,132.16,0.50,5.54,0.0164
21.48,51.98,142.35,0.50,62.32,0.0225
21.50,52.08,138.19,0.50,0.76,0.0199
21.52,51.95,135.74,0.50,5.13,0.0192
21.54,51.57,133.20,0.50,2.24,0.0178
21.56,51.42,132.23,0.50,7.53,0.0162
21.57,51.94,131.59,0.50,8.27,0.0174
21.59,51.75,131.10,0.50,8.33,0.0165
21.61,51.68,130.30,0.50,6.27,0.0153
21.63,51.83,129.44,0.50,5.21,0.0159
21.65,51.72,129.40,0.50,8.46,0.0159
21.67,51.82,128.22,0.50,2.67,0.0158
21.69,51.71,126.93,0.50,0.96,0.0147
21.71,51.57,125.85,0.50,0.76,0.0144
21.73,51.67,125.04,0.50,0.99,0.0129
21.75,51.54,124.99,0.50,3.97,0.0134
21.77,51.37,125.76,0.50,8.07,0.0136
21.79,51.90,125.12,0.50,1.75,0.0130
21.81,52.08,124.28,0.50,0.13,0.0137
21.83,51.72,125.42,0.50,9.19,0.0137
21.85,51.66,126.34,0.50,9.19,0.0141
21.87,51.88,141.88,0.50,83.28,0.0218
21.89,51.52,138.21,0.50,2.73,0.0194
21.91,51.30,136.55,0.50,9.09,0.0190
21.93,51.17,145.83,0.50,62.15,0.0236
21.95,51.12,142.25,0.50,7.16,0.0224
21.97,50.81,138.19,0.50,1.15,0.0211
21.99,50.74,136.19,0.50,7.38,0.0191
22.01,50.72,133.25,0.50,0.68,0.0176
22.03,50.71,131.45,0.50,3.43,0.0164
22.05,50.62,130.73,0.50,7.06,0.0155
22.07,50.36,129.95,0.50,6.02,0.0164
22.09,50.29,129.72,0.50,8.01,0.0153
22.11,50.47,129.75,0.50,9.07,0.0152
22.13,50.80,129.72,0.50,8.78,0.0161
22.14,51.00,129.16,0.50,6.13,0.0161
22.16,51.17,127.74,0.50,1.26,0.0155
22.18,50.97,128.34,0.50,9.93,0.0157
22.20,51.48,127.89,0.50,5.30,0.0151
22.22,51.39,128.01,0.50,7.70,0.0148
22.24,51.57,127.11,0.50,2.70,0.0137
22.26,51.76,127.22,0.50,6.88,0.0151
22.28,51.44,126.09,0.50,0.74,0.0144
22.30,51.96,125.26,0.50,1.16,0.0135
22.31,52.46,124.77,0.50,2.01,0.0133
22.34,52.04,141.52,0.50,87.73,0.0221
22.35,52.51,149.51,0.50,60.65,0.0264
22.37,52.30,144.69,0.50,4.63,0.0240
22.39,52.24,141.85,0.50,9.68,0.0213
22.41,51.82,138.24,0.50,3.02,0.0199
22.43,51.69,135.16,0.50,2.04,0.0180
22.45,51.58,132.83,0.50,2.69,0.0181
22.47,51.49,130.92,0.50,2.50,0.0169
22.49,51.20,129.06,0.50,0.80,0.0153
22.51,51.43,129.21,0.50,9.01,0.0147
22.53,51.36,127.77,0.50,1.24,0.0148
22.55,51.50,143.27,0.50,84.46,0.0234
22.57,51.98,139.44,0.50,3.33,0.0209
22.59,52.20,137.40,0.50,8.43,0.0193
22.61,51.91,134.62,0.50,2.68,0.0178
22.63,51.81,133.47,0.50,8.09,0.0169
22.65,51.68,131.69,0.50,3.77,0.0168
22.67,51.29,129.96,0.50,2.23,0.0165
22.69,51.52,128.72,0.50,2.98,0.0159
22.70,52.04,146.51,0.50,96.85,0.0244
22.72,52.17,141.51,0.50,0.74,0.0220
22.74,52.61,139.19,0.50,9.08,0.0213
22.76,52.46,135.79,0.50,1.37,0.0189
22.78,52.27,133.43,0.50,3.21,0.0171
22.80,52.11,130.98,0.50,0.38,0.0158
22.82,51.94,130.85,0.50,9.53,0.0163
22.84,51.80,128.97,0.50,0.66,0.0149
22.86,52.21,129.21,0.50,9.38,0.0157
22.88,52.09,127.81,0.50,1.41,0.0157
22.90,51.72,127.58,0.50,5.82,0.0140
22.92,51.26,143.16,0.50,84.68,0.0218
22.94,51.49,140.11,0.50,7.15,0.0213
22.95,51.96,147.46,0.50,56.05,0.0256
22.97,52.05,143.79,0.50,8.28,0.0221
22.99,52.48,139.77,0.50,2.91,0.0214
23.01,52.59,136.66,0.50,3.42,0.0202
23.03,51.84,134.07,0.50,2.89,0.0181
23.05,51.66,132.05,0.50,3.20,0.0161
23.07,51.24,144.58,0.50,73.90,0.0233
23.09,51.11,140.17,0.50,1.72,0.0211
23.11,51.01,138.03,0.50,8.68,0.0206
23.13,50.53,134.93,0.50,1.70,0.0189
23.15,50.30,133.35,0.50,6.24,0.0172
23.18,49.81,131.24,0.50,2.01,0.0171
23.20,50.25,145.07,0.50,79.60,0.0233
23.22,50.18,140.92,0.50,3.49,0.0219
23.24,49.74,137.44,0.50,2.74,0.0191
23.26,49.50,134.86,0.50,3.73,0.0191
23.28,49.44,132.73,0.50,3.43,0.0168
23.30,50.00,144.54,0.50,70.99,0.0240
23.32,50.12,141.37,0.50,7.85,0.0221
23.34,50.26,138.88,0.50,8.13,0.0204
23.36,49.76,135.96,0.50,3.51,0.0191
23.38,49.71,133.52,0.50,2.94,0.0184
23.40,49.63,131.98,0.50,5.03,0.0176
23.42,49.73,130.00,0.50,1.28,0.0157
23.44,49.25,129.19,0.50,5.16,0.0164
23.46,49.10,129.17,0.50,8.28,0.0165
23.48,48.80,129.19,0.50,8.48,0.0159
23.50,49.08,175.03,0.50,7.60,0.0595
23.52,49.37,211.94,0.50,8.75,0.0774
23.54,48.87,256.61,0.50,84.50,0.0989
23.57,48.86,276.37,0.50,4.63,0.1091
23.59,48.63,291.86,0.50,3.01,0.1160
23.61,48.34,305.54,0.50,9.45,0.1234
23.63,47.95,315.87,0.50,6.42,0.1282
23.65,47.41,323.80,0.50,4.72,0.1335
23.68,47.28,330.23,0.50,5.14,0.1365
23.70,46.91,334.35,0.50,0.04,0.1377
23.72,46.96,339.29,0.50,8.23,0.1410
23.74,46.82,342.56,0.50,4.85,0.1417
23.76,46.55,344.70,0.50,2.46,0.1427
23.79,46.16,347.48,0.50,7.79,0.1445
23.81,45.73,349.42,0.50,6.40,0.1466
23.83,45.60,349.87,0.50,0.86,0.1459
23.86,45.57,350.09,0.50,0.19,0.1468
23.88,45.91,351.98,0.50,8.71,0.1475
23.90,45.75,352.55,0.50,4.04,0.1464
23.92,45.96,352.88,0.50,3.40,0.1480
23.94,45.78,354.24,0.50,8.91,0.1491
23.97,45.76,355.12,0.50,7.82,0.1485
23.99,45.57,355.55,0.50,6.46,0.1482
24.01,45.79,356.31,0.50,8.55,0.1498
24.03,45.85,356.63,0.50,7.12,0.1488
24.05,45.64,356.32,0.50,4.28,0.1500
24.08,45.01,355.93,0.50,3.56,0.1490
24.10,45.31,355.47,0.50,2.82,0.1487
24.12,45.07,354.91,0.50,1.88,0.1494
24.14,45.15,355.85,0.50,8.81,0.1481
24.17,45.00,355.49,0.50,3.24,0.1485
24.19,45.07,355.65,0.50,5.51,0.1495
24.21,45.39,355.88,0.50,5.97,0.1487
24.23,45.22,355.62,0.50,3.79,0.1496
24.26,45.08,356.28,0.50,8.10,0.1494
24.28,44.66,356.22,0.50,5.18,0.1496
24.30,44.57,356.31,0.50,5.89,0.1497
24.32,44.85,355.81,0.50,3.01,0.1484
24.35,44.71,355.15,0.50,1.73,0.1490
24.37,44.57,355.19,0.50,4.56,0.1495
24.39,44.29,355.66,0.50,6.73,0.1490
24.42,44.35,356.27,0.50,7.89,0.1486
24.44,44.63,356.93,0.50,8.77,0.1494
24.46,44.53,356.47,0.50,3.84,0.1490
24.48,44.27,356.60,0.50,6.35,0.1502
24.51,44.12,356.01,0.50,2.81,0.1493
24.53,44.16,355.83,0.50,4.32,0.1487
24.56,43.76,354.98,0.50,0.77,0.1482
24.58,43.62,354.35,0.50,1.04,0.1479
24.60,43.68,354.65,0.50,5.06,0.1474
24.62,43.83,355.11,0.50,6.15,0.1489
24.67,41.87,365.31,0.50,55.31,0.1529
24.70,40.98,364.02,0.50,8.06,0.1538
24.72,40.84,361.57,0.50,0.95,0.1521
24.75,40.73,372.82,0.50,67.02,0.1581
24.77,40.86,369.80,0.50,6.95,0.1549
24.79,40.90,377.94,0.50,59.69,0.1605
24.82,41.01,372.99,0.50,2.39,0.1580
24.84,40.65,381.75,0.50,65.97,0.1609
24.87,40.71,375.95,0.50,1.97,0.1591
24.90,40.31,372.90,0.50,9.91,0.1581
24.92,40.37,370.32,0.50,9.19,0.1559
24.95,40.20,366.71,0.50,1.48,0.1542
25.28,36.48,364.76,0.50,6.16,0.1529
25.32,35.65,362.10,0.50,0.63,0.1527
25.34,35.79,360.39,0.50,2.74,0.1506
25.37,36.37,368.58,0.50,50.57,0.1555
25.39,36.84,366.05,0.50,5.12,0.1547
25.42,37.11,364.75,0.50,8.74,0.1535
25.44,37.47,363.39,0.50,7.16,0.1530
25.47,37.77,362.23,0.50,6.76,0.1514
25.49,37.99,370.32,0.50,51.90,0.1559
25.51,38.28,366.86,0.50,2.20,0.1539
25.54,38.33,378.71,0.50,75.32,0.1598
25.56,38.81,386.74,0.50,68.05,0.1635
25.59,39.43,379.74,0.50,0.94,0.1607
25.61,39.50,375.89,0.50,9.72,0.1581
25.63,39.80,372.17,0.50,6.50,0.1580
25.66,39.99,378.86,0.50,54.78,0.1601
25.68,40.06,374.44,0.50,5.97,0.1578
25.70,40.53,370.70,0.50,4.94,0.1554
25.73,40.40,367.09,0.50,1.85,0.1553
25.76,40.44,365.38,0.50,7.75,0.1535
25.78,40.56,377.30,0.50,74.18,0.1590
25.80,40.39,372.20,0.50,1.01,0.1580
25.83,40.38,368.98,0.50,5.29,0.1550
25.85,40.62,365.39,0.50,0.23,0.1530
25.88,40.79,362.49,0.50,0.07,0.1517
25.90,40.80,379.88,0.50,98.64,0.1604
25.92,40.95,390.46,0.50,82.00,0.1656
25.95,40.70,383.64,0.50,5.54,0.1632
25.98,40.74,378.10,0.50,5.15,0.1593
26.00,41.13,373.01,0.50,1.84,0.1566
26.02,41.45,370.29,0.50,8.64,0.1567
26.04,41.50,367.84,0.50,7.21,0.1556
26.07,41.61,364.97,0.50,2.70,0.1543
26.09,41.51,363.19,0.50,5.25,0.1528
26.12,41.54,362.50,0.50,8.94,0.1520
26.14,41.43,361.22,0.50,5.31,0.1526
26.17,41.07,360.57,0.50,7.19,0.1522
26.19,41.35,359.14,0.50,2.61,0.1502
26.21,41.38,358.72,0.50,6.22,0.1509
26.24,41.37,358.23,0.50,5.49,0.1499
26.26,41.45,357.72,0.50,4.88,0.1505
26.29,41.43,357.98,0.50,8.20,0.1491
26.31,41.48,358.42,0.50,9.40,0.1501
26.33,41.59,357.35,0.50,2.28,0.1506
26.36,41.57,356.13,0.50,0.42,0.1485
26.38,41.28,369.53,0.50,72.33,0.1559
26.41,41.05,365.91,0.50,0.63,0.1533
26.43,40.90,363.11,0.50,1.11,0.1535
26.46,40.66,361.91,0.50,6.30,0.1523
26.48,40.82,370.32,0.50,53.17,0.1561
26.51,41.05,367.09,0.50,3.37,0.1537
26.53,41.39,363.93,0.50,0.48,0.1539
26.55,41.46,362.93,0.50,8.15,0.1534
26.58,41.22,362.48,0.50,9.90,0.1528
26.61,40.67,361.14,0.50,4.97,0.1508
26.63,40.47,359.21,0.50,0.71,0.1515
26.66,40.62,358.91,0.50,6.91,0.1495
26.68,40.92,358.34,0.50,5.24,0.1496
26.70,40.99,357.21,0.50,1.91,0.1488
26.73,41.11,357.43,0.50,7.50,0.1497
26.75,41.47,374.06,0.50,89.78,0.1589
26.78,41.26,370.74,0.50,6.67,0.1563
26.80,40.97,367.12,0.50,1.85,0.1544
26.83,40.59,364.16,0.50,1.52,0.1537
26.85,40.79,363.01,0.50,7.60,0.1528
26.88,40.53,362.07,0.50,7.51,0.1518
26.90,40.78,361.00,0.50,5.94,0.1521
26.93,40.63,359.22,0.50,1.29,0.1498
26.95,40.71,359.24,0.50,8.53,0.1515
26.98,40.45,358.84,0.50,6.44,0.1511
27.00,40.50,371.30,0.50,70.31,0.1565
27.03,40.27,367.59,0.50,1.95,0.1556
27.05,40.31,364.94,0.50,3.56,0.1536
27.08,40.38,363.79,0.50,8.40,0.1521
27.10,40.28,362.24,0.50,5.24,0.1512
27.13,40.18,361.17,0.50,6.06,0.1516
27.15,40.33,361.01,0.50,9.56,0.1524
27.18,40.18,360.77,0.50,9.02,0.1511
27.20,40.21,359.96,0.50,5.91,0.1517
27.23,40.08,358.36,0.50,1.16,0.1503
27.25,40.43,358.07,0.50,6.14,0.1504
27.27,40.56,357.56,0.50,4.70,0.1494
27.30,40.55,358.06,0.50,9.25,0.1506
27.32,40.43,357.35,0.50,3.72,0.1489
27.35,40.32,356.62,0.50,2.90,0.1491
27.37,40.36,357.21,0.50,8.77,0.1504
27.40,40.41,356.43,0.50,2.50,0.1484
27.42,40.49,356.24,0.50,4.68,0.1498
27.45,40.45,356.91,0.50,8.79,0.1504
27.47,40.45,357.02,0.50,6.67,0.1495
27.50,40.54,356.10,0.50,1.63,0.1493
27.52,40.73,355.58,0.50,2.69,0.1479
27.55,40.52,355.28,0.50,3.29,0.1494
27.57,40.73,354.63,0.50,1.20,0.1475
27.59,40.87,354.53,0.50,3.34,0.1475
27.62,40.90,355.77,0.50,9.92,0.1479
27.64,40.99,355.63,0.50,4.30,0.1484
27.67,40.56,355.88,0.50,6.07,0.1480
27.69,40.72,354.89,0.50,0.12,0.1480
27.72,40.87,355.45,0.50,6.92,0.1486
27.74,40.74,356.44,0.50,9.60,0.1501
27.77,40.90,357.10,0.50,8.95,0.1494
27.79,40.70,356.26,0.50,2.10,0.1484
27.82,40.71,365.31,0.50,50.71,0.1530
27.84,40.51,363.54,0.50,5.66,0.1524
27.87,40.48,361.84,0.50,4.23,0.1515
27.89,40.25,360.43,0.50,3.97,0.1516
27.91,40.67,358.62,0.50,0.62,0.1510
27.94,40.56,357.76,0.50,3.48,0.1498
27.96,40.76,356.52,0.50,0.77,0.1483
27.99,41.06,372.99,0.50,88.09,0.1580
28.01,40.82,369.47,0.50,4.58,0.1551
28.04,41.07,366.08,0.50,1.70,0.1534
28.06,40.87,363.59,0.50,2.85,0.1532
28.09,40.89,362.57,0.50,7.71,0.1521
28.11,40.70,361.35,0.50,5.64,0.1508
28.14,40.76,360.40,0.50,5.80,0.1503
28.16,40.94,359.84,0.50,6.80,0.1509
28.18,41.01,360.02,0.50,9.93,0.1514
28.21,41.07,358.88,0.50,3.55,0.1506
28.23,40.86,358.34,0.50,5.38,0.1511
28.26,40.71,371.35,0.50,72.57,0.1562
28.28,40.91,367.63,0.50,1.97,0.1549
28.30,41.08,364.85,0.50,2.93,0.1536
28.33,40.74,362.12,0.50,0.41,0.1522
28.36,40.75,360.00,0.50,0.70,0.1505
28.38,40.77,359.16,0.50,4.98,0.1496
28.41,40.71,358.86,0.50,6.85,0.1503
28.43,40.93,357.55,0.50,1.52,0.1504
28.45,41.06,357.65,0.50,7.25,0.1496
28.49,39.55,372.58,0.50,81.51,0.1565
28.52,39.67,368.35,0.50,0.63,0.1550
28.54,39.28,365.00,0.50,0.82,0.1534
28.57,39.52,362.32,0.50,0.78,0.1530
28.59,39.31,361.31,0.50,6.45,0.1510
28.62,39.26,360.24,0.50,5.17,0.1511
28.65,39.13,359.95,0.50,7.98,0.1518
28.67,38.76,359.35,0.50,6.17,0.1502
28.70,38.50,359.24,0.50,7.97,0.1507
28.73,38.29,359.09,0.50,7.71,0.1498
28.76,38.34,358.92,0.50,7.42,0.1500
28.78,38.46,359.19,0.50,9.47,0.1507
28.80,38.91,359.23,0.50,8.60,0.1505
28.83,39.28,368.83,0.50,56.43,0.1555
28.85,39.33,365.99,0.50,3.82,0.1536
28.88,39.35,363.70,0.50,3.73,0.1530
28.90,39.68,362.83,0.50,8.56,0.1516
28.92,39.94,362.42,0.50,9.98,0.1524
28.95,40.54,362.01,0.50,9.58,0.1524
28.97,40.79,360.76,0.50,4.94,0.1507
28.99,41.31,359.61,0.50,4.23,0.1516
29.01,41.70,358.76,0.50,4.54,0.1499
29.04,42.08,358.25,0.50,5.45,0.1492
29.06,41.90,357.00,0.50,1.20,0.1504
29.09,41.42,356.40,0.50,3.17,0.1496
29.11,41.07,356.63,0.50,6.78,0.1491
29.14,41.41,356.26,0.50,3.98,0.1484
29.16,41.18,356.09,0.50,4.58,0.1495
29.19,41.05,356.46,0.50,7.15,0.1498
29.21,41.09,356.62,0.50,6.46,0.1503
29.24,41.12,356.23,0.50,3.85,0.1491
29.26,41.41,355.74,0.50,2.97,0.1479
29.28,41.47,354.92,0.50,0.87,0.1494
29.31,41.36,355.14,0.50,5.23,0.1485
29.33,41.79,355.76,0.50,7.43,0.1495
29.35,41.46,355.42,0.50,3.26,0.1485
29.38,41.25,354.99,0.50,2.48,0.1484
29.41,40.97,355.46,0.50,6.50,0.1490
29.43,41.01,355.43,0.50,4.55,0.1486
29.45,41.51,354.92,0.50,2.06,0.1483
29.48,41.49,354.36,0.50,1.31,0.1480
29.50,41.51,354.63,0.50,4.95,0.1493
29.52,41.79,354.42,0.50,2.78,0.1479
29.54,42.06,355.54,0.50,9.21,0.1482
29.57,42.26,354.61,0.50,0.11,0.1475
29.59,42.29,354.12,0.50,1.35,0.1484
29.62,42.07,354.34,0.50,4.42,0.1478
29.64,42.18,354.91,0.50,6.39,0.1483
29.66,42.19,355.71,0.50,8.11,0.1485
29.68,42.58,356.52,0.50,8.95,0.1488
29.71,42.53,372.35,0.50,84.91,0.1580
29.73,42.50,370.04,0.50,9.99,0.1556
29.75,42.64,366.28,0.50,0.44,0.1533
29.78,42.55,380.55,0.50,86.81,0.1605
29.80,42.31,388.00,0.50,67.02,0.1645
29.83,42.16,380.63,0.50,0.34,0.1618
29.85,42.25,375.88,0.50,6.11,0.1596
29.88,42.19,372.45,0.50,7.91,0.1575
29.90,42.14,370.03,0.50,9.55,0.1561
29.92,42.14,366.34,0.50,0.80,0.1548
29.95,42.13,364.95,0.50,8.58,0.1529
29.97,41.75,363.09,0.50,4.87,0.1522
29.99,42.18,361.94,0.50,6.51,0.1524
30.02,42.28,359.83,0.50,0.60,0.1511
30.04,42.48,359.08,0.50,5.28,0.1514
30.06,43.00,359.15,0.50,8.64,0.1515
30.08,43.23,357.58,0.50,0.48,0.1500
30.11,43.11,356.63,0.50,2.06,0.1491
30.13,43.38,356.93,0.50,7.30,0.1501
30.15,43.44,356.00,0.50,1.48,0.1493
30.17,43.44,356.15,0.50,5.96,0.1481
30.20,43.49,355.37,0.50,1.44,0.1493
30.22,43.28,354.84,0.50,1.90,0.1479
30.24,43.32,355.17,0.50,5.72,0.1484
30.27,43.56,355.33,0.50,5.17,0.1481
30.29,43.81,356.19,0.50,8.81,0.1494
30.31,44.07,355.40,0.50,1.43,0.1482
30.33,44.28,365.07,0.50,52.96,0.1528
30.35,44.52,363.43,0.50,6.07,0.1519
30.37,44.75,361.94,0.50,5.19,0.1513
30.39,45.17,361.00,0.50,6.44,0.1517
30.42,45.36,373.71,0.50,73.72,0.1579
30.44,45.50,370.79,0.50,8.31,0.1574
30.46,45.13,367.83,0.50,5.21,0.1544
30.48,44.96,365.83,0.50,7.05,0.1539
30.51,45.00,363.63,0.50,4.02,0.1530
30.53,45.02,361.32,0.50,1.29,0.1514
30.55,45.06,359.72,0.50,2.53,0.1505
30.57,45.59,358.72,0.50,3.92,0.1511
30.59,46.06,367.56,0.50,52.10,0.1553
30.61,45.82,364.23,0.50,0.14,0.1538
30.63,45.83,378.17,0.50,83.11,0.1605
30.66,45.56,373.64,0.50,4.70,0.1573
30.68,45.44,369.98,0.50,4.55,0.1566
30.70,45.46,366.32,0.50,0.90,0.1539
30.73,45.26,364.55,0.50,6.64,0.1527
30.75,45.07,363.02,0.50,6.11,0.1522
30.77,45.13,362.15,0.50,7.90,0.1517
30.79,44.94,360.11,0.50,1.12,0.1514
30.81,45.49,359.51,0.50,6.30,0.1513
30.83,45.79,358.35,0.50,2.90,0.1500
30.86,45.82,356.86,0.50,0.11,0.1496
30.88,45.64,356.40,0.50,3.79,0.1485
30.90,45.84,369.24,0.50,69.78,0.1553
30.92,45.82,367.45,0.50,9.47,0.1548
30.94,45.63,364.68,0.50,2.82,0.1528
30.97,45.46,362.99,0.50,5.43,0.1522
30.99,46.03,361.82,0.50,6.32,0.1524
31.01,45.85,360.34,0.50,3.62,0.1507
31.03,46.25,358.56,0.50,0.67,0.1510
31.05,46.22,358.87,0.50,9.28,0.1499
31.07,46.45,358.84,0.50,7.92,0.1500
31.09,46.38,357.37,0.50,0.72,0.1498
31.12,46.09,356.35,0.50,1.45,0.1495
31.14,46.15,355.95,0.50,3.56,0.1495
31.16,45.87,356.17,0.50,6.26,0.1501
31.18,46.10,355.46,0.50,1.83,0.1481
31.20,46.36,356.35,0.50,9.10,0.1483
31.22,46.62,372.04,0.50,83.98,0.1563
31.24,46.47,369.67,0.50,9.38,0.1549
31.27,46.64,367.77,0.50,9.40,0.1558
31.29,46.65,364.86,0.50,2.40,0.1542
31.31,46.64,363.68,0.50,8.18,0.1528
31.33,46.29,362.54,0.50,7.19,0.1530
31.35,46.59,361.91,0.50,8.56,0.1515
31.37,46.71,360.96,0.50,6.38,0.1521
31.39,46.91,359.98,0.50,5.27,0.1513
31.41,47.33,359.37,0.50,6.12,0.1508
31.43,47.23,357.72,0.50,0.33,0.1489
31.46,47.16,358.07,0.50,8.66,0.1493
31.48,47.36,358.48,0.50,9.34,0.1510
31.50,47.52,357.65,0.50,3.50,0.1497
31.52,47.41,356.60,0.50,1.64,0.1486
31.54,47.01,355.99,0.50,2.74,0.1490
31.56,47.08,355.43,0.50,2.37,0.1483
31.58,47.09,355.94,0.50,7.20,0.1491
31.60,47.08,365.12,0.50,51.03,0.1529
31.62,47.33,364.19,0.50,9.65,0.1525
31.65,47.49,362.94,0.50,7.16,0.1528
31.67,47.31,362.42,0.50,9.55,0.1528
31.69,47.19,361.58,0.50,7.40,0.1511
31.71,47.14,361.28,0.50,9.31,0.1511
31.73,46.87,360.53,0.50,6.70,0.1509
31.76,46.59,359.27,0.50,3.43,0.1501
31.78,46.37,371.94,0.50,71.82,0.1568
31.80,46.43,369.19,0.50,7.38,0.1553
31.82,46.85,366.92,0.50,7.07,0.1535
31.84,46.77,364.87,0.50,5.86,0.1529
31.86,46.77,362.48,0.50,2.11,0.1522
31.88,46.54,361.88,0.50,8.68,0.1527
31.90,47.07,360.45,0.50,3.93,0.1517
31.93,46.82,359.70,0.50,5.92,0.1503
31.95,47.01,359.00,0.50,5.40,0.1495
31.97,46.49,369.86,0.50,62.50,0.1558
31.99,46.93,367.35,0.50,6.53,0.1538
32.01,47.08,364.61,0.50,2.85,0.1533
32.03,46.85,362.15,0.50,1.51,0.1529
32.05,46.88,360.96,0.50,5.39,0.1519
32.08,46.84,360.64,0.50,8.55,0.1504
32.10,47.10,359.48,0.50,4.06,0.1500
32.12,47.61,367.77,0.50,50.14,0.1547
32.14,47.72,365.23,0.50,4.28,0.1529
32.16,47.26,364.20,0.50,9.25,0.1528
32.18,47.11,361.76,0.50,1.20,0.1521
32.20,47.52,373.32,0.50,68.77,0.1583
32.22,47.40,369.63,0.50,4.05,0.1549
32.24,47.53,366.12,0.50,1.31,0.1532
32.26,47.44,364.36,0.50,6.53,0.1523
32.28,47.61,363.47,0.50,9.07,0.1519
32.31,47.34,361.36,0.50,2.16,0.1513
32.33,47.49,361.11,0.50,9.31,0.1513
32.35,47.69,359.48,0.50,2.12,0.1512
32.37,47.97,357.84,0.50,0.48,0.1490
32.39,47.42,358.07,0.50,8.19,0.1507
32.41,47.36,356.70,0.50,0.40,0.1498
32.43,47.33,356.49,0.50,4.87,0.1486
32.45,47.77,356.12,0.50,3.83,0.1483
32.47,47.86,355.39,0.50,1.67,0.1490
32.49,47.80,355.04,0.50,2.84,0.1492
32.52,47.57,367.30,0.50,65.53,0.1537
32.54,47.70,364.52,0.50,2.62,0.1533
32.56,47.41,363.09,0.50,6.56,0.1519
32.58,47.29,361.15,0.50,2.58,0.1525
32.60,47.40,360.57,0.50,7.46,0.1505
32.62,47.32,359.32,0.50,3.52,0.1501
32.64,47.45,359.35,0.50,8.68,0.1511
32.66,47.63,359.27,0.50,8.12,0.1505
32.68,47.80,358.54,0.50,4.84,0.1507
32.71,47.70,368.61,0.50,58.11,0.1560
32.73,47.79,365.50,0.50,2.22,0.1541
32.75,47.42,363.37,0.50,4.05,0.1535
32.77,47.28,373.12,0.50,61.33,0.1576
32.79,47.22,380.62,0.50,59.80,0.1620
32.81,47.37,385.61,0.50,54.81,0.1638
32.84,47.00,380.64,0.50,9.96,0.1618
32.86,46.97,375.30,0.50,3.11,0.1589
32.88,46.93,372.04,0.50,8.23,0.1577
32.90,46.90,369.15,0.50,6.76,0.1551
32.92,47.08,367.37,0.50,9.46,0.1547
32.94,47.04,365.17,0.50,5.55,0.1545
32.96,47.42,363.04,0.50,3.75,0.1526
32.98,47.13,370.87,0.50,51.39,0.1564
33.01,46.72,368.56,0.50,8.53,0.1555
33.03,46.27,383.72,0.50,93.54,0.1630
33.05,46.28,378.70,0.50,7.82,0.1602
33.07,46.51,392.39,0.50,96.34,0.1663
33.09,47.00,400.44,0.50,81.88,0.1707
33.11,47.00,390.53,0.50,0.05,0.1657
33.13,47.16,383.40,0.50,4.10,0.1622
33.16,46.90,377.99,0.50,5.53,0.1607
33.18,46.68,373.32,0.50,3.87,0.1570
33.20,46.65,380.33,0.50,57.55,0.1617
33.22,46.44,375.08,0.50,3.28,0.1580
33.24,46.48,371.49,0.50,6.33,0.1565
33.26,46.74,379.77,0.50,62.11,0.1619
33.29,46.53,374.35,0.50,1.84,0.1587
33.31,46.77,370.69,0.50,5.29,0.1569
33.33,46.98,368.07,0.50,6.79,0.1555
33.35,47.46,365.33,0.50,3.53,0.1541
33.37,47.21,363.54,0.50,5.58,0.1536
33.39,47.40,362.64,0.50,8.24,0.1527
33.41,47.58,361.04,0.50,3.84,0.1513
33.43,47.73,359.00,0.50,0.03,0.1514
33.45,47.38,358.39,0.50,5.17,0.1507
33.47,47.72,357.05,0.50,0.90,0.1504
33.49,47.63,357.63,0.50,9.12,0.1493
33.52,47.31,357.90,0.50,8.22,0.1500
33.54,47.47,367.42,0.50,54.68,0.1550
33.56,47.41,365.58,0.50,7.44,0.1543
33.58,47.56,377.97,0.50,76.73,0.1596
33.60,47.68,385.81,0.50,66.36,0.1635
33.62,47.59,379.62,0.50,4.07,0.1617
33.64,47.75,375.09,0.50,6.17,0.1589
33.66,47.26,371.51,0.50,6.37,0.1563
33.69,47.00,367.56,0.50,0.98,0.1544
33.71,47.14,364.60,0.50,1.95,0.1528
33.73,47.27,363.09,0.50,6.27,0.1527
33.75,47.45,361.93,0.50,6.45,0.1520
33.77,47.13,361.12,0.50,7.09,0.1521
33.79,47.11,359.93,0.50,4.36,0.1518
33.81,47.31,359.57,0.50,7.37,0.1508
33.84,47.08,359.64,0.50,9.09,0.1510
33.86,46.82,359.51,0.50,8.21,0.1505
33.88,46.65,357.97,0.50,1.02,0.1503
33.90,46.91,358.35,0.50,9.03,0.1504
33.92,47.09,358.27,0.50,7.19,0.1494
33.94,47.21,357.71,0.50,4.67,0.1493
33.96,47.16,357.98,0.50,8.26,0.1494
33.99,46.91,358.12,0.50,7.85,0.1501
34.00,47.36,358.62,0.50,9.85,0.1503
34.02,47.52,358.59,0.50,7.67,0.1506
34.05,47.42,357.27,0.50,1.17,0.1491
34.07,47.33,366.56,0.50,52.93,0.1552
34.09,46.96,378.58,0.50,75.88,0.1596
34.11,47.37,374.29,0.50,6.33,0.1579
34.13,47.10,370.53,0.50,4.69,0.1572
34.15,47.57,366.99,0.50,2.03,0.1543
34.17,47.45,364.88,0.50,5.63,0.1543
34.20,47.33,374.55,0.50,62.45,0.1591
34.22,47.51,370.51,0.50,3.54,0.1554
34.24,47.87,367.27,0.50,3.52,0.1546
34.26,48.00,365.59,0.50,8.05,0.1533
34.28,48.34,375.12,0.50,62.46,0.1576
34.30,47.97,370.70,0.50,2.22,0.1573
34.32,47.79,366.95,0.50,1.13,0.1542
34.34,47.68,363.84,0.50,0.64,0.1522
34.36,47.65,371.68,0.50,52.25,0.1568
34.38,47.54,367.60,0.50,0.46,0.1549
34.40,47.69,364.28,0.50,0.19,0.1525
34.42,47.60,362.94,0.50,6.78,0.1524
34.45,47.73,360.54,0.50,0.12,0.1517
34.46,48.10,359.51,0.50,4.60,0.1501
34.49,48.17,359.75,0.50,9.94,0.1517
34.51,47.71,358.07,0.50,0.52,0.1493
34.53,47.25,357.78,0.50,5.81,0.1494
34.55,47.62,368.20,0.50,59.11,0.1550
34.57,47.78,365.41,0.50,3.45,0.1537
34.59,47.62,363.74,0.50,6.27,0.1532
34.61,47.71,361.42,0.50,1.34,0.1517
34.64,47.34,360.93,0.50,8.14,0.1521
34.66,47.25,360.41,0.50,7.55,0.1514
34.68,47.17,360.48,0.50,9.98,0.1504
34.70,46.96,358.99,0.50,2.22,0.1511
34.72,47.09,358.80,0.50,7.25,0.1503
34.74,47.29,357.97,0.50,3.86,0.1507
34.77,46.94,357.20,0.50,3.31,0.1505
34.79,47.12,357.77,0.50,9.23,0.1508
34.81,47.28,357.59,0.50,6.07,0.1501
34.83,47.39,356.76,0.50,2.65,0.1486
34.85,47.27,356.78,0.50,6.05,0.1487
34.87,46.92,356.15,0.50,2.84,0.1496
34.89,46.82,355.64,0.50,2.80,0.1489
34.91,46.99,355.44,0.50,3.86,0.1494
34.94,46.56,356.40,0.50,9.42,0.1492
34.96,46.36,355.28,0.50,0.01,0.1480
34.98,46.61,356.15,0.50,8.83,0.1497
35.00,46.81,357.02,0.50,9.67,0.1499
35.02,46.78,356.62,0.50,4.22,0.1492
35.04,46.90,356.24,0.50,3.94,0.1495
35.06,47.28,356.45,0.50,6.51,0.1494
35.08,47.67,357.09,0.50,8.82,0.1499
35.10,47.81,357.19,0.50,6.78,0.1490
35.12,47.83,357.16,0.50,6.24,0.1503
35.15,47.43,356.16,0.50,1.38,0.1488
35.17,47.13,355.65,0.50,2.81,0.1480
35.19,47.52,355.03,0.50,1.75,0.1493
35.21,47.91,372.64,0.50,92.26,0.1582
35.23,47.93,369.48,0.50,6.03,0.1563
35.25,48.18,367.43,0.50,8.45,0.1557
35.27,48.01,364.32,0.50,1.10,0.1524
35.29,48.31,361.93,0.50,1.54,0.1525
35.31,48.04,360.23,0.50,2.61,0.1520
35.33,48.10,378.03,0.50,98.44,0.1594
35.36,47.63,390.21,0.50,88.15,0.1655
35.38,47.51,383.60,0.50,6.36,0.1627
35.40,47.66,377.59,0.50,2.77,0.1591
35.42,47.77,373.65,0.50,7.06,0.1581
35.44,48.08,370.14,0.50,5.29,0.1562
35.46,48.41,367.88,0.50,8.05,0.1541
35.48,48.01,366.36,0.50,9.47,0.1546
35.50,47.66,364.73,0.50,7.43,0.1534
35.52,47.54,362.92,0.50,4.89,0.1515
35.55,47.23,361.65,0.50,5.77,0.1524
35.57,47.22,361.41,0.50,9.63,0.1520
35.59,46.91,361.21,0.50,9.60,0.1520
35.61,47.08,360.89,0.50,8.83,0.1518
35.63,47.21,360.85,0.50,9.87,0.1509
35.65,47.11,360.48,0.50,8.21,0.1520
35.67,47.04,359.48,0.50,4.65,0.1517
35.70,46.95,359.22,0.50,7.42,0.1502
35.72,47.13,358.26,0.50,3.60,0.1500
35.74,47.08,357.60,0.50,4.15,0.1492
35.76,47.49,356.88,0.50,3.24,0.1500
35.78,47.28,356.06,0.50,1.96,0.1484
35.80,46.94,356.58,0.50,7.87,0.1494
35.82,47.08,357.05,0.50,8.14,0.1502
35.84,46.94,356.72,0.50,4.60,0.1497
35.87,47.11,356.16,0.50,3.09,0.1481
35.89,47.26,355.78,0.50,3.47,0.1480
35.91,47.34,356.21,0.50,7.12,0.1493
35.93,47.23,355.97,0.50,4.22,0.1487
35.95,47.56,356.28,0.50,6.72,0.1492
35.97,47.40,356.99,0.50,9.02,0.1488
35.99,46.77,357.60,0.50,9.25,0.1499
36.02,46.46,357.24,0.50,5.01,0.1497
36.04,46.81,356.81,0.50,4.26,0.1485
36.37,42.43,356.43,0.50,4.11,0.1490
36.43,39.84,356.00,0.50,3.48,0.1485
36.47,38.66,356.35,0.50,6.96,0.1493
36.50,37.77,356.06,0.50,4.10,0.1482
36.52,38.40,356.56,0.50,7.74,0.1498
36.55,38.85,356.08,0.50,3.40,0.1499
36.57,39.17,366.50,0.50,57.35,0.1548
36.59,39.73,365.32,0.50,9.80,0.1545
36.63,38.50,362.70,0.50,1.45,0.1527
36.67,37.33,361.64,0.50,6.61,0.1522
36.70,36.31,360.96,0.50,7.43,0.1511
36.72,37.33,369.60,0.50,53.36,0.1550
36.75,38.03,367.78,0.50,9.70,0.1547
36.78,37.11,364.82,0.50,2.18,0.1542
36.80,37.91,362.03,0.50,0.08,0.1528
36.82,39.19,360.93,0.50,5.75,0.1524
36.84,40.34,360.09,0.50,5.90,0.1512
36.87,40.83,359.99,0.50,8.81,0.1516
36.89,41.66,358.95,0.50,3.97,0.1505
36.91,41.59,358.00,0.50,3.42,0.1496
36.94,40.35,358.01,0.50,7.23,0.1496
36.96,41.39,356.70,0.50,0.66,0.1490
36.99,41.92,357.33,0.50,9.05,0.1493
37.01,42.16,356.52,0.50,2.49,0.1486
37.03,42.57,356.12,0.50,3.73,0.1489
37.05,43.14,356.94,0.50,9.40,0.1486
37.07,43.59,357.49,0.50,8.91,0.1490
37.11,42.09,357.39,0.50,6.19,0.1502
37.13,42.21,357.95,0.50,9.37,0.1497
37.15,43.07,356.91,0.50,1.94,0.1490
37.17,43.33,356.12,0.50,2.20,0.1497
37.19,43.28,355.51,0.50,2.26,0.1485
37.22,43.49,355.73,0.50,5.81,0.1488
37.24,43.44,355.84,0.50,5.48,0.1482
37.27,41.98,372.36,0.50,87.65,0.1578
37.29,42.84,369.95,0.50,9.51,0.1552
37.31,43.35,366.95,0.50,4.16,0.1545
37.34,43.49,364.49,0.50,3.81,0.1527
37.36,44.18,362.78,0.50,5.17,0.1524
37.38,44.53,360.95,0.50,2.82,0.1518
37.40,45.10,360.78,0.50,9.31,0.1514
37.43,43.46,359.96,0.50,5.89,0.1515
37.45,43.73,358.96,0.50,4.13,0.1503
37.48,43.49,357.40,0.50,0.40,0.1498
37.50,43.47,357.47,0.50,6.91,0.1494
37.52,43.71,357.70,0.50,7.82,0.1503
37.55,43.15,370.23,0.50,69.55,0.1559
37.58,41.78,366.45,0.50,0.54,0.1547
37.61,41.67,364.33,0.50,5.03,0.1533
37.63,41.42,362.73,0.50,5.54,0.1525
37.66,41.53,361.26,0.50,4.58,0.1521
37.68,41.47,359.18,0.50,0.07,0.1500
37.70,41.69,359.28,0.50,8.89,0.1513
37.74,40.19,359.17,0.50,7.90,0.1502
37.77,40.10,359.08,0.50,7.93,0.1507
37.79,40.95,358.20,0.50,3.88,0.1499
37.81,41.38,358.69,0.50,9.87,0.1508
37.83,42.08,373.82,0.50,83.51,0.1576
37.85,42.69,370.47,0.50,6.28,0.1562
37.87,42.75,367.45,0.50,4.59,0.1538
37.91,41.55,374.53,0.50,52.05,0.1580
37.93,42.36,370.93,0.50,5.71,0.1568
37.95,42.58,368.22,0.50,6.57,0.1560
37.98,42.31,365.28,0.50,2.72,0.1534
38.00,42.95,362.48,0.50,0.49,0.1519
38.02,42.90,361.78,0.50,8.17,0.1527
38.04,42.80,359.82,0.50,1.17,0.1502
38.08,41.36,377.69,0.50,98.37,0.1603
38.10,41.46,373.17,0.50,4.32,0.1568
38.12,42.17,369.97,0.50,6.35,0.1550
38.14,42.64,366.61,0.50,2.37,0.1553
38.17,43.01,364.06,0.50,3.07,0.1540
38.19,43.07,362.08,0.50,3.34,0.1514
38.21,43.41,360.71,0.50,4.44,0.1516
38.25,41.73,372.90,0.50,70.87,0.1569
38.27,41.70,369.74,0.50,6.30,0.1554
38.29,42.06,366.02,0.50,0.35,0.1537
38.32,42.35,363.65,0.50,3.35,0.1523
38.34,42.56,362.83,0.50,8.78,0.1527
38.36,42.53,361.45,0.50,5.09,0.1525
38.40,41.05,360.56,0.50,6.21,0.1505
38.42,41.02,360.56,0.50,9.77,0.1512
38.44,41.45,359.77,0.50,5.79,0.1507
38.47,41.89,358.68,0.50,3.51,0.1496
38.49,42.37,357.83,0.50,3.63,0.1505
38.51,42.70,357.69,0.50,6.36,0.1504
38.53,43.14,356.80,0.50,2.45,0.1485
38.57,41.66,371.83,0.50,81.15,0.1570
38.59,42.29,367.66,0.50,0.17,0.1547
38.61,42.66,364.64,0.50,1.77,0.1527
38.63,42.85,363.58,0.50,8.54,0.1535
38.65,43.16,374.12,0.50,65.46,0.1588
38.67,43.88,369.47,0.50,0.09,0.1554
38.70,44.00,366.07,0.50,1.64,0.1543
38.73,42.39,364.90,0.50,9.43,0.1533
38.75,43.14,363.15,0.50,5.33,0.1520
38.77,43.86,362.59,0.50,9.57,0.1518
38.79,44.52,361.21,0.50,4.89,0.1513
38.81,44.41,359.67,0.50,2.73,0.1508
38.84,44.49,359.32,0.50,7.13,0.1502
38.86,44.38,357.63,0.50,0.04,0.1506
38.89,42.78,372.74,0.50,82.37,0.1579
38.92,43.28,369.37,0.50,5.10,0.1563
38.94,43.50,367.53,0.50,9.38,0.1555
38.96,43.87,365.65,0.50,7.33,0.1538
38.98,43.86,364.55,0.50,9.32,0.1529
39.00,43.84,362.07,0.50,1.38,0.1514
39.02,44.43,361.19,0.50,6.87,0.1524
39.06,42.70,359.58,0.50,2.34,0.1512
39.08,43.07,359.75,0.50,9.60,0.1516
39.10,43.34,371.76,0.50,69.03,0.1565
39.13,43.38,369.52,0.50,9.75,0.1552
39.15,43.48,367.55,0.50,8.86,0.1550
39.17,43.96,366.06,0.50,9.31,0.1543
39.19,44.18,363.88,0.50,4.34,0.1536
39.23,42.73,380.77,0.50,97.54,0.1615
39.25,42.81,375.57,0.50,3.97,0.1589
39.27,43.11,371.45,0.50,4.19,0.1566
39.29,43.23,386.06,0.50,93.72,0.1640
39.32,43.32,379.54,0.50,2.63,0.1608
39.34,44.05,373.96,0.50,0.86,0.1578
39.36,44.68,370.98,0.50,8.26,0.1560
39.39,43.08,367.14,0.50,0.98,0.1540
39.41,43.40,364.33,0.50,2.28,0.1523
39.43,43.51,361.99,0.50,1.85,0.1521
39.46,43.49,360.07,0.50,1.55,0.1515
39.48,43.75,375.28,0.50,85.35,0.1577
39.50,44.00,387.31,0.50,84.62,0.1653
39.52,43.77,381.68,0.50,8.36,0.1616
39.56,42.30,376.84,0.50,6.66,0.1601
39.60,40.55,372.67,0.50,5.21,0.1568
39.63,39.34,369.82,0.50,7.64,0.1567
39.66,40.03,367.96,0.50,9.69,0.1549
39.68,40.75,364.87,0.50,1.74,0.1528
39.71,39.42,363.61,0.50,7.75,0.1532
39.74,39.85,363.00,0.50,9.74,0.1525
39.77,38.66,361.69,0.50,5.69,0.1514
39.79,39.51,360.76,0.50,6.22,0.1520
39.81,40.45,360.48,0.50,8.56,0.1506
39.84,40.89,359.34,0.50,4.00,0.1498
39.87,39.49,359.14,0.50,7.52,0.1510
39.89,40.61,359.44,0.50,9.85,0.1515
39.91,41.20,359.03,0.50,6.59,0.1513
39.94,41.69,358.31,0.50,4.64,0.1507
39.96,42.31,357.12,0.50,1.57,0.1504
39.98,43.15,356.39,0.50,2.67,0.1482
40.00,43.85,356.42,0.50,5.73,0.1488
40.03,42.47,356.50,0.50,6.03,0.1498
40.05,43.02,366.16,0.50,54.01,0.1538
40.07,43.07,364.65,0.50,7.78,0.1527
40.10,43.35,362.51,0.50,3.16,0.1530
40.12,44.12,360.92,0.50,3.78,0.1518
40.14,44.08,359.91,0.50,5.08,0.1502
40.16,43.98,359.20,0.50,5.57,0.1510
40.20,42.55,359.45,0.50,9.62,0.1508
40.22,43.09,357.88,0.50,0.79,0.1500
40.24,43.04,357.99,0.50,7.63,0.1509
40.26,43.48,358.34,0.50,8.97,0.1495
40.28,43.48,357.64,0.50,4.01,0.1504
40.30,43.90,356.71,0.50,2.18,0.1488
40.33,44.26,356.22,0.50,3.46,0.1485
40.36,42.61,367.51,0.50,61.91,0.1540
40.38,43.11,364.70,0.50,2.64,0.1524
40.40,43.57,362.81,0.50,4.45,0.1532
40.42,44.12,360.88,0.50,2.38,0.1523
40.44,44.77,378.02,0.50,95.76,0.1598
40.47,44.84,373.08,0.50,2.54,0.1582
40.49,44.78,369.83,0.50,6.00,0.1566
40.52,43.24,366.90,0.50,4.40,0.1545
40.54,43.61,375.99,0.50,61.55,0.1593
40.57,43.96,371.04,0.50,0.45,0.1559
40.59,44.52,381.64,0.50,73.25,0.1616
40.61,44.44,376.86,0.50,6.90,0.1602
40.63,44.38,373.34,0.50,8.45,0.1577
40.65,44.50,370.58,0.50,8.75,0.1559
40.69,42.98,368.49,0.50,9.34,0.1554
40.71,43.16,365.52,0.50,2.84,0.1540
40.73,43.32,363.21,0.50,3.17,0.1517
40.75,43.53,362.65,0.50,9.62,0.1525
40.78,43.80,360.63,0.50,1.76,0.1507
40.80,43.79,359.34,0.50,3.34,0.1508
40.82,44.03,358.07,0.50,2.19,0.1508
40.86,42.47,358.14,0.50,7.63,0.1507
40.88,42.86,369.84,0.50,65.84,0.1557
40.90,43.19,366.60,0.50,2.86,0.1536
40.92,43.18,364.99,0.50,7.73,0.1530
40.94,43.39,363.92,0.50,8.86,0.1522
40.97,43.55,362.71,0.50,7.04,0.1523
40.99,43.68,360.43,0.50,0.54,0.1514
41.02,42.24,360.30,0.50,8.97,0.1508
41.04,42.69,360.01,0.50,8.07,0.1513
41.07,42.78,359.59,0.50,7.08,0.1516
41.09,42.98,359.14,0.50,6.55,0.1498
41.11,42.98,358.70,0.50,6.14,0.1503
41.14,42.63,373.54,0.50,82.12,0.1586
41.16,42.36,370.28,0.50,6.44,0.1568
41.20,41.05,368.31,0.50,9.63,0.1547
41.22,41.64,365.48,0.50,3.33,0.1528
41.24,42.02,363.17,0.50,3.13,0.1516
41.26,42.67,362.69,0.50,10.00,0.1515
41.28,42.81,361.18,0.50,4.34,0.1514
41.30,43.41,374.42,0.50,76.57,0.1591
41.33,43.03,386.39,0.50,83.46,0.1639
41.36,41.52,379.63,0.50,1.79,0.1600
41.39,41.65,375.33,0.50,7.33,0.1593
41.42,40.82,370.51,0.50,0.44,0.1563
41.45,39.66,367.66,0.50,5.46,0.1540
41.49,38.66,364.68,0.50,1.94,0.1527
41.52,37.57,363.57,0.50,8.36,0.1529
41.54,38.56,380.83,0.50,99.05,0.1606
41.57,39.16,376.14,0.50,6.60,0.1598
41.59,39.81,371.94,0.50,4.33,0.1570
41.61,40.14,369.36,0.50,8.23,0.1567
41.63,40.78,367.47,0.50,9.12,0.1554
41.65,41.12,364.93,0.50,3.97,0.1538
41.69,39.91,363.07,0.50,4.85,0.1529
41.71,40.81,362.30,0.50,8.40,0.1524
41.73,41.45,360.76,0.50,3.78,0.1518
41.75,42.43,359.54,0.50,3.88,0.1508
41.77,42.67,357.85,0.50,0.27,0.1507
41.79,43.41,356.59,0.50,0.75,0.1502
41.81,44.03,371.93,0.50,82.48,0.1570
41.85,42.48,369.05,0.50,6.74,0.1548
41.87,43.46,366.63,0.50,6.15,0.1552
41.89,44.13,380.53,0.50,85.35,0.1621
41.91,44.27,375.79,0.50,6.03,0.1597
41.93,45.17,371.36,0.50,2.80,0.1566
41.95,45.24,382.30,0.50,75.30,0.1616
41.97,45.26,376.44,0.50,2.17,0.1594
42.01,43.51,388.06,0.50,83.76,0.1645
42.03,44.24,381.42,0.50,4.04,0.1626
42.05,45.17,375.51,0.50,1.10,0.1589
42.07,45.74,371.02,0.50,2.25,0.1568
42.08,46.33,367.85,0.50,4.35,0.1548
42.10,47.06,383.78,0.50,96.70,0.1633
42.12,47.47,391.83,0.50,73.22,0.1663
42.15,45.92,385.39,0.50,8.83,0.1646
42.17,46.51,378.54,0.50,0.33,0.1604
42.19,46.93,374.75,0.50,8.77,0.1586
42.21,47.61,371.38,0.50,7.13,0.1572
42.23,47.75,378.67,0.50,57.00,0.1610
42.25,47.87,384.16,0.50,55.35,0.1636
42.27,47.73,378.30,0.50,4.04,0.1603
42.31,46.10,373.79,0.50,4.97,0.1581
42.32,46.90,370.83,0.50,8.20,0.1562
42.35,47.05,367.10,0.50,1.35,0.1550
42.36,47.81,365.80,0.50,9.84,0.1536
42.38,47.97,363.10,0.50,1.49,0.1529
42.41,47.72,377.26,0.50,83.10,0.1598
42.43,47.90,372.81,0.50,4.20,0.1583
42.46,46.15,369.57,0.50,5.80,0.1556
42.48,46.50,367.03,0.50,6.11,0.1541
42.50,46.74,365.37,0.50,7.89,0.1540
42.52,46.74,363.47,0.50,5.11,0.1532
42.54,47.53,361.06,0.50,0.61,0.1517
42.56,48.29,359.81,0.50,4.00,0.1513
42.58,48.32,358.45,0.50,2.22,0.1506
42.61,46.59,358.33,0.50,7.06,0.1492
42.63,46.32,357.27,0.50,2.22,0.1499
42.65,46.81,357.97,0.50,9.95,0.1500
42.67,47.41,358.46,0.50,9.63,0.1505
42.69,47.91,358.07,0.50,5.73,0.1498
42.71,48.29,358.61,0.50,9.96,0.1503
42.73,48.03,357.59,0.50,2.73,0.1507
42.77,46.15,356.97,0.50,3.67,0.1489
42.79,46.46,355.75,0.50,0.07,0.1482
42.81,46.77,355.67,0.50,4.56,0.1496
42.83,47.19,354.88,0.50,0.90,0.1482
42.85,47.12,354.51,0.50,2.25,0.1476
42.87,47.36,355.51,0.50,8.70,0.1481
42.89,48.10,355.24,0.50,3.35,0.1483
42.92,46.15,354.37,0.50,0.12,0.1492
42.94,46.58,354.21,0.50,2.74,0.1489
42.96,46.94,354.78,0.50,6.29,0.1492
42.98,47.51,355.32,0.50,6.67,0.1480
43.00,47.53,354.95,0.50,2.67,0.1492
43.02,47.76,356.09,0.50,9.83,0.1487
43.06,45.81,355.07,0.50,0.19,0.1479
43.09,44.06,354.52,0.50,1.52,0.1489
43.12,42.77,355.37,0.50,7.98,0.1489
43.14,43.31,356.42,0.50,9.79,0.1486
43.16,43.88,356.85,0.50,7.76,0.1486
43.19,44.28,368.24,0.50,63.04,0.1544
43.22,42.91,364.80,0.50,0.21,0.1529
43.25,41.41,362.84,0.50,4.22,0.1521
43.29,40.23,360.47,0.50,0.19,0.1513
43.31,41.00,360.34,0.50,9.00,0.1518
43.33,41.47,359.47,0.50,5.22,0.1499
43.35,42.59,358.61,0.50,4.36,0.1494
43.37,42.93,358.88,0.50,9.16,0.1513
43.41,41.56,375.28,0.50,90.10,0.1579
43.43,42.00,371.72,0.50,6.68,0.1561
43.46,40.73,369.34,0.50,9.02,0.1559
43.48,41.63,367.46,0.50,9.15,0.1551
43.50,42.62,331.28,0.50,5.73,0.1661
43.56,40.09,301.95,0.50,3.83,0.1528
43.63,37.53,278.73,0.50,5.07,0.1407
43.69,35.26,260.43,0.50,6.42,0.1312
43.75,33.47,245.72,0.50,6.11,0.1231
43.82,31.52,232.97,0.50,1.14,0.1175
43.88,30.12,224.25,0.50,8.55,0.1124
43.94,28.88,216.23,0.50,3.36,0.1100
44.01,27.43,210.28,0.50,5.71,0.1061
44.07,26.42,204.97,0.50,2.89,0.1044
44.12,25.57,200.43,0.50,1.47,0.1004
44.19,24.40,198.47,0.50,9.83,0.1002
44.25,23.65,195.50,0.50,2.84,0.0989
44.31,23.01,193.04,0.50,2.40,0.0969
44.38,22.11,192.32,0.50,8.64,0.0967
44.44,21.64,191.41,0.50,6.97,0.0964
44.50,21.24,190.95,0.50,8.29,0.0973
44.57,20.47,190.03,0.50,5.59,0.0955
44.63,20.13,189.73,0.50,7.69,0.0963
44.69,19.80,189.35,0.50,7.06,0.0948
44.76,19.19,187.90,0.50,1.29,0.0956
44.82,18.98,187.74,0.50,6.31,0.0939
44.88,18.82,187.99,0.50,8.19,0.0950
44.95,18.36,186.86,0.50,1.51,0.0950
45.01,18.20,187.52,0.50,9.39,0.0948
45.07,18.05,187.14,0.50,4.81,0.0955
45.14,17.66,187.34,0.50,7.33,0.0955
45.19,17.67,198.83,0.50,63.97,0.1007
45.25,17.62,195.32,0.50,0.48,0.0985
45.32,17.22,205.22,0.50,64.00,0.1034
45.38,17.22,201.09,0.50,3.79,0.1018
45.44,17.20,214.81,0.50,88.92,0.1094
45.52,16.84,209.60,0.50,7.94,0.1056
45.59,16.46,205.45,0.50,8.05,0.1042
45.67,16.15,200.84,0.50,1.60,0.1009
45.72,16.26,212.41,0.50,77.91,0.1068
45.79,16.26,206.66,0.50,2.83,0.1050
45.86,16.06,201.91,0.50,2.12,0.1021
45.91,16.23,198.39,0.50,3.53,0.1003
45.97,16.34,195.62,0.50,3.71,0.0987
46.04,16.07,192.76,0.50,0.53,0.0976
46.10,16.13,191.08,0.50,3.55,0.0956
46.16,16.26,189.87,0.50,4.24,0.0965
46.23,16.04,189.97,0.50,9.58,0.0967
46.29,16.13,188.95,0.50,4.07,0.0949
46.36,15.98,188.71,0.50,6.93,0.0953
46.43,15.77,187.88,0.50,3.79,0.0942
46.49,15.92,188.44,0.50,9.87,0.0960
46.55,15.95,188.57,0.50,8.28,0.0950
46.62,15.77,187.95,0.50,4.67,0.0954
46.68,15.91,188.17,0.50,8.24,0.0960
46.74,16.05,188.56,0.50,9.35,0.0954
46.81,15.82,188.06,0.50,5.27,0.0945
46.87,15.94,188.50,0.50,9.45,0.0957
46.93,16.09,187.72,0.50,3.80,0.0952
47.00,15.88,188.29,0.50,9.78,0.0942
47.06,15.95,186.80,0.50,0.03,0.0938
47.12,16.03,205.49,0.50,99.44,0.1035
47.19,15.78,201.94,0.50,6.93,0.1029
47.25,15.95,198.80,0.50,5.44,0.1005
47.31,15.99,196.98,0.50,8.92,0.0992
47.38,15.76,194.57,0.50,4.11,0.0977
47.44,15.97,193.31,0.50,7.50,0.0980
47.50,16.16,191.41,0.50,2.97,0.0973
47.57,15.91,189.29,0.50,0.00,0.0958
47.63,15.98,188.13,0.50,2.69,0.0946
47.69,16.10,188.28,0.50,8.07,0.0954
47.76,15.93,188.20,0.50,7.11,0.0959
47.82,16.00,188.09,0.50,6.82,0.0960
47.88,16.08,187.91,0.50,6.42,0.0942
47.95,15.88,186.49,0.50,0.00,0.0934
48.00,16.04,185.79,0.50,2.20,0.0944
48.07,16.08,185.46,0.50,3.33,0.0944
48.14,15.85,185.82,0.50,6.45,0.0948
48.20,15.97,185.39,0.50,2.86,0.0935
48.26,16.07,185.82,0.50,6.77,0.0944
48.33,15.87,186.35,0.50,7.64,0.0941
48.39,15.97,186.21,0.50,4.88,0.0950
48.44,16.11,185.81,0.50,3.38,0.0930
48.52,15.89,186.80,0.50,9.97,0.0943
48.57,15.99,196.50,0.50,54.49,0.0991
48.63,16.14,194.03,0.50,3.33,0.0985
48.70,15.92,210.46,0.50,95.37,0.1059
48.76,16.09,220.23,0.50,78.53,0.1112
48.82,16.12,213.17,0.50,4.15,0.1073
48.89,15.89,207.99,0.50,6.46,0.1044
48.95,16.08,204.45,0.50,9.47,0.1029
49.01,16.18,201.13,0.50,7.09,0.1022
49.08,15.95,197.75,0.50,3.42,0.0996
49.14,16.05,194.80,0.50,2.21,0.0992
49.20,16.14,192.39,0.50,1.95,0.0965
49.31,15.46,191.53,0.50,7.29,0.0970
49.36,15.59,189.52,0.50,0.68,0.0956
49.44,15.39,189.41,0.50,8.19,0.0948
49.50,15.58,189.57,0.50,9.37,0.0950
49.56,15.71,189.65,0.50,9.19,0.0964
49.63,15.51,188.25,0.50,1.85,0.0947
49.69,15.66,188.44,0.50,8.39,0.0946
49.74,15.84,188.14,0.50,6.16,0.0960
49.82,15.63,204.55,0.50,89.36,0.1042
49.88,15.71,201.23,0.50,7.16,0.1023
49.94,15.83,197.93,0.50,3.92,0.1003
50.01,15.62,196.30,0.50,8.99,0.0991
50.07,15.84,193.37,0.50,0.84,0.0981
50.13,15.96,208.09,0.50,86.20,0.1049
50.20,15.72,203.39,0.50,3.76,0.1027
50.26,15.93,199.39,0.50,2.61,0.1011
50.31,16.11,196.69,0.50,5.07,0.0996
50.39,15.86,195.04,0.50,7.67,0.0988
50.44,16.02,193.20,0.50,5.04,0.0977
50.50,16.17,190.84,0.50,0.56,0.0967
50.57,15.92,189.55,0.50,3.58,0.0959
50.63,16.04,189.61,0.50,9.08,0.0951
50.69,16.15,188.53,0.50,3.43,0.0954
50.76,15.93,188.31,0.50,6.59,0.0956
50.82,16.05,187.05,0.50,1.22,0.0939
50.88,16.18,185.94,0.50,0.72,0.0948
50.95,15.94,186.61,0.50,8.47,0.0949
51.01,16.07,185.77,0.50,1.63,0.0935
51.06,16.21,186.22,0.50,7.23,0.0938
51.14,15.99,186.68,0.50,7.70,0.0938
51.19,16.11,186.42,0.50,4.58,0.0941
51.25,16.21,195.34,0.50,50.22,0.0989
51.33,15.95,211.90,0.50,97.35,0.1072
51.39,16.02,207.31,0.50,8.15,0.1044
51.44,16.14,203.97,0.50,9.81,0.1035
51.52,15.92,200.81,0.50,7.37,0.1008
51.58,15.99,197.20,0.50,1.94,0.0990
51.64,15.94,194.68,0.50,3.83,0.0974
51.71,15.75,193.57,0.50,8.31,0.0974
51.77,15.88,191.97,0.50,4.76,0.0979
51.83,16.03,191.39,0.50,8.30,0.0976
51.90,15.77,190.10,0.50,4.12,0.0957
51.96,15.87,188.39,0.50,0.75,0.0959
52.02,15.89,188.55,0.50,8.41,0.0958
52.10,15.66,188.69,0.50,8.43,0.0952
52.16,15.75,188.61,0.50,7.49,0.0960
52.22,15.81,187.85,0.50,4.01,0.0951
52.29,15.59,186.65,0.50,1.04,0.0942
52.35,15.76,186.94,0.50,7.32,0.0954
52.41,15.81,186.11,0.50,1.95,0.0947
52.49,15.58,195.39,0.50,51.73,0.0985
52.55,15.67,192.52,0.50,0.26,0.0971
52.61,15.78,191.56,0.50,6.89,0.0974
52.68,15.57,209.37,0.50,99.83,0.1052
52.74,15.76,204.25,0.50,2.95,0.1036
52.80,15.83,214.92,0.50,76.81,0.1093
52.87,15.61,209.84,0.50,8.72,0.1055
52.93,15.73,205.44,0.50,7.05,0.1038
52.99,15.88,201.88,0.50,6.84,0.1024
53.06,15.67,198.60,0.50,4.69,0.1009
53.12,15.85,196.99,0.50,9.74,0.0989
53.18,15.96,194.90,0.50,5.74,0.0983
53.25,15.76,192.24,0.50,0.82,0.0967
53.31,15.91,190.36,0.50,2.01,0.0972
53.36,16.07,190.09,0.50,8.22,0.0953
53.44,15.82,198.57,0.50,51.67,0.1001
53.50,15.94,196.05,0.50,5.18,0.0984
53.56,16.03,193.17,0.50,0.87,0.0982
53.63,15.85,191.27,0.50,2.86,0.0960
53.68,16.01,189.87,0.50,3.46,0.0969
53.74,16.16,190.05,0.50,9.98,0.0956
53.81,15.96,190.05,0.50,9.24,0.0960
53.87,16.05,198.27,0.50,50.36,0.1001
53.93,16.05,195.36,0.50,2.92,0.0992
54.01,15.81,192.71,0.50,1.33,0.0971
54.07,15.82,191.18,0.50,4.25,0.0971
54.13,15.84,190.94,0.50,9.19,0.0962
54.21,15.57,189.37,0.50,2.28,0.0963
54.27,15.70,206.51,0.50,94.26,0.1045
54.33,15.81,201.96,0.50,2.99,0.1014
54.40,15.59,199.38,0.50,8.23,0.1004
54.46,15.69,196.16,0.50,2.50,0.0993
54.52,15.80,193.97,0.50,4.38,0.0979
54.59,15.60,191.38,0.50,0.25,0.0962
54.65,15.71,190.31,0.50,5.21,0.0959
54.71,15.87,188.79,0.50,1.93,0.0956
54.78,15.63,188.63,0.50,7.17,0.0956
54.84,15.78,188.24,0.50,5.87,0.0956
54.90,15.97,188.62,0.50,9.37,0.0943
54.97,15.77,199.37,0.50,61.54,0.0998
55.03,15.97,215.11,0.50,97.29,0.1080
55.09,16.06,208.42,0.50,0.87,0.1049
55.16,15.88,204.22,0.50,6.60,0.1041
55.21,15.99,201.35,0.50,9.10,0.1025
55.27,16.19,197.56,0.50,1.60,0.1004
55.34,15.98,194.33,0.50,0.60,0.0976
55.40,16.08,191.87,0.50,1.23,0.0973
55.46,16.20,191.29,0.50,8.18,0.0972
55.53,15.95,190.54,0.50,6.76,0.0969
55.59,16.09,190.24,0.50,8.20,0.0957
55.65,16.25,188.56,0.50,1.07,0.0959
55.94,14.97,188.16,0.50,5.75,0.0943
56.02,14.82,188.23,0.50,7.72,0.0960
56.07,15.07,187.58,0.50,4.16,0.0957
56.13,15.29,187.02,0.50,3.97,0.0940
56.20,15.18,204.67,0.50,94.47,0.1027
56.26,15.46,200.60,0.50,3.53,0.1009
56.31,15.67,197.03,0.50,1.96,0.0998
56.39,15.47,195.53,0.50,8.73,0.0995
56.44,15.69,193.94,0.50,6.79,0.0971
56.50,15.82,191.76,0.50,2.23,0.0959
56.57,15.70,191.03,0.50,7.33,0.0968
56.63,15.91,189.70,0.50,3.56,0.0951
56.68,16.09,188.18,0.50,1.31,0.0950
56.75,15.92,187.23,0.50,2.64,0.0952
56.81,16.18,186.84,0.50,4.46,0.0941
56.86,16.40,195.88,0.50,51.23,0.0981
56.93,16.15,194.37,0.50,7.53,0.0978
56.99,16.19,192.77,0.50,5.58,0.0977
57.06,16.14,191.10,0.50,3.64,0.0961
